scope,group,mode,channel,n,before_mae,after_mae,delta_mae
selected256,all,h1,frontCd,256,0.0006883093155920506,0.0005570007488131523,-0.00013130856677889824
selected256,all,h1,frontCl,256,0.00944932937682097,0.011250435643432866,0.001801106266611896
selected256,all,h1,rearCd,256,0.020973413484171033,0.012901898589916527,-0.008071514894254506
selected256,all,h1,rearCl,256,0.07402690524031641,0.03843785788922105,-0.03558904735109536
selected256,all,h1,totalCd,256,0.020990588469430804,0.012889136211015284,-0.00810145225841552
selected256,family:controlled_b00,h1,frontCd,64,0.0015528108924627304,0.0007839705795049667,-0.0007688403129577637
selected256,family:controlled_b00,h1,frontCl,64,0.03046057280153036,0.017833461635746062,-0.0126271111657843
selected256,family:controlled_b00,h1,rearCd,64,0.045099188573658466,0.01362698059529066,-0.031472207978367805
selected256,family:controlled_b00,h1,rearCl,64,0.18012310376798268,0.05589406524086371,-0.12422903852711897
selected256,family:controlled_b00,h1,totalCd,64,0.045752438716590405,0.013782969675958157,-0.03196946904063225
selected256,action:changing,h1,frontCd,134,0.0009157524180056443,0.0006059612800825888,-0.0003097911379230556
selected256,action:changing,h1,frontCl,134,0.014711152956779324,0.013036843681179765,-0.0016743092755995594
selected256,action:changing,h1,rearCd,134,0.0290136003672187,0.015046736197685128,-0.013966864169533572
selected256,action:changing,h1,rearCl,134,0.09767015240808476,0.04182172364402396,-0.0558484287640608
selected256,action:changing,h1,totalCd,134,0.029245395713777683,0.015100730888879121,-0.014144664824898562
selected256,lead:1,h1,frontCd,3,0.00014734268188476562,0.0004227161407470703,0.0002753734588623047
selected256,lead:1,h1,frontCl,3,0.0014555752277374268,0.0030696789423624673,0.0016141037146250405
selected256,lead:1,h1,rearCd,3,0.008342742919921875,0.01478278636932373,0.0064400434494018555
selected256,lead:1,h1,rearCl,3,0.08661558572202921,0.07079145684838295,-0.01582412887364626
selected256,lead:1,h1,totalCd,3,0.00836960474650065,0.015083909034729004,0.0067143042882283534
selected256,lead_quarter:1,h1,frontCd,64,0.0006227139383554459,0.0005489811301231384,-7.373280823230743e-05
selected256,lead_quarter:1,h1,frontCl,64,0.008708865381777287,0.011651278742647264,0.0029424133608699776
selected256,lead_quarter:1,h1,rearCd,64,0.018537099473178387,0.011691142339259386,-0.006845957133919001
selected256,lead_quarter:1,h1,rearCl,64,0.07465183925523888,0.041023443423910066,-0.03362839583132882
selected256,lead_quarter:1,h1,totalCd,64,0.018512764014303684,0.011690438259392977,-0.0068223257549107075
selected256,family:base20,h1,frontCd,109,0.00038447511305502797,0.00047117198279144566,8.669686973641769e-05
selected256,family:base20,h1,frontCl,109,0.0024278404270170616,0.008904180052656032,0.0064763396256389705
selected256,family:base20,h1,rearCd,109,0.010580935062618431,0.009225275264967471,-0.0013556597976509595
selected256,family:base20,h1,rearCl,109,0.03959399441240031,0.03187419357068769,-0.007719800841712622
selected256,family:base20,h1,totalCd,109,0.01035020493586129,0.009104655149879806,-0.0012455497859814833
selected256,action:constant_nonzero,h1,frontCd,99,0.00043758960685344656,0.000551781269034954,0.00011419166218150747
selected256,action:constant_nonzero,h1,frontCl,99,0.002689185214812181,0.008812725989646608,0.006123540774834428
selected256,action:constant_nonzero,h1,rearCd,99,0.012658024677122482,0.01103852042044052,-0.0016195042566819612
selected256,action:constant_nonzero,h1,rearCl,99,0.04156183045018803,0.03613903417694147,-0.005422796273246558
selected256,action:constant_nonzero,h1,totalCd,99,0.012367002289704603,0.010933171920102052,-0.0014338303696025505
selected256,lead:38,h1,frontCd,3,0.0005719661712646484,0.0006290276845296224,5.7061513264973994e-05
selected256,lead:38,h1,frontCl,3,0.0015479102730751038,0.010034585992495218,0.008486675719420115
selected256,lead:38,h1,rearCd,3,0.013539552688598633,0.006277680397033691,-0.007261872291564941
selected256,lead:38,h1,rearCl,3,0.05380775531133016,0.056588967641194664,0.002781212329864502
selected256,lead:38,h1,totalCd,3,0.013125181198120117,0.006285627683003743,-0.006839553515116374
selected256,lead_quarter:2,h1,frontCd,64,0.0006734598428010941,0.0005152802914381027,-0.00015817955136299133
selected256,lead_quarter:2,h1,frontCl,64,0.009066209504453582,0.011448200259110308,0.0023819907546567265
selected256,lead_quarter:2,h1,rearCd,64,0.021632534451782703,0.012769739609211683,-0.00886279484257102
selected256,lead_quarter:2,h1,rearCl,64,0.0720378398837056,0.03945044460124336,-0.03258739528246224
selected256,lead_quarter:2,h1,totalCd,64,0.02169365342706442,0.012767260428518057,-0.008926392998546362
selected256,lead:75,h1,frontCd,3,0.0007177988688151041,0.0009135007858276367,0.0001957019170125326
selected256,lead:75,h1,frontCl,3,0.003924230734507243,0.010914872090021769,0.0069906413555145255
selected256,lead:75,h1,rearCd,3,0.0387077530225118,0.022761722405751545,-0.015946030616760257
selected256,lead:75,h1,rearCl,3,0.09054076671600342,0.05499027172724406,-0.03555049498875936
selected256,lead:75,h1,totalCd,3,0.03801959753036499,0.022166510423024494,-0.015853087107340496
selected256,lead_quarter:3,h1,frontCd,64,0.0006736963987350464,0.0005920808762311935,-8.161552250385284e-05
selected256,lead_quarter:3,h1,frontCl,64,0.00920570408925414,0.01000419567571953,0.0007984915864653885
selected256,lead_quarter:3,h1,rearCd,64,0.019865279085934162,0.010789135470986366,-0.009076143614947796
selected256,lead_quarter:3,h1,rearCl,64,0.07223466550931334,0.037073034152854234,-0.03516163135645911
selected256,lead_quarter:3,h1,totalCd,64,0.0199465649202466,0.010790705680847168,-0.009155859239399433
selected256,lead:12,h1,frontCd,3,0.0001821120580037435,0.00026043256123860675,7.832050323486325e-05
selected256,lead:12,h1,frontCl,3,0.0019130793710549672,0.0117250457406044,0.009811966369549433
selected256,lead:12,h1,rearCd,3,0.009219606717427572,0.009994268417358398,0.0007746616999308262
selected256,lead:12,h1,rearCl,3,0.03492629528045654,0.04626047611236572,0.01133418083190918
selected256,lead:12,h1,totalCd,3,0.009256998697916666,0.009990056355794271,0.0007330576578776053
selected256,lead:49,h1,frontCd,3,0.00033716360727945965,0.0005212227503458658,0.0001840591430664062
selected256,lead:49,h1,frontCl,3,0.0017297416925430298,0.015749489267667133,0.014019747575124104
selected256,lead:49,h1,rearCd,3,0.012814968824386597,0.00886403520901998,-0.003950933615366617
selected256,lead:49,h1,rearCl,3,0.03745728110273679,0.0601421557366848,0.022684874633948006
selected256,lead:49,h1,totalCd,3,0.012768755356470743,0.008522739013036093,-0.0042460163434346505
selected256,family:train8,h1,frontCd,45,0.0005391147401597765,0.0005730973349677192,3.39825948079427e-05
selected256,family:train8,h1,frontCl,45,0.0032759371317095227,0.009438920062449244,0.0061629829307397205
selected256,family:train8,h1,rearCd,45,0.019142856862809924,0.020061926047007243,0.0009190691841973186
selected256,family:train8,h1,rearCl,45,0.0395432379303707,0.0406908820486731,0.0011476441183023989
selected256,family:train8,h1,totalCd,45,0.018948903348710803,0.020119885603586834,0.001170982254876031
selected256,lead:86,h1,frontCd,3,0.0003255605697631836,0.0006030797958374023,0.00027751922607421875
selected256,lead:86,h1,frontCl,3,0.006818912923336029,0.008666465679804483,0.0018475527564684544
selected256,lead:86,h1,rearCd,3,0.0162428617477417,0.010030984878540039,-0.00621187686920166
selected256,lead:86,h1,rearCl,3,0.08867798248926799,0.020426114400227863,-0.06825186808904013
selected256,lead:86,h1,totalCd,3,0.016201893488566082,0.0101011594136556,-0.006100734074910482
selected256,lead_quarter:4,h1,frontCd,64,0.0007833670824766159,0.0005716606974601746,-0.00021170638501644135
selected256,lead_quarter:4,h1,frontCl,64,0.01081653853179887,0.01189806789625436,0.0010815293644554913
selected256,lead_quarter:4,h1,rearCd,64,0.02385874092578888,0.016357576940208673,-0.007501163985580206
selected256,lead_quarter:4,h1,rearCl,64,0.07718327631300781,0.03620450937887654,-0.04097876693413127
selected256,lead_quarter:4,h1,totalCd,64,0.023809371516108513,0.016308140475302935,-0.007501231040805578
selected256,family:train16,h1,frontCd,38,0.0002805088695726897,0.0004018670634219521,0.00012135819384926239
selected256,family:train16,h1,frontCl,38,0.00151315483411676,0.00903849872319322,0.0075253438890764595
selected256,family:train16,h1,rearCd,38,0.012318297436362818,0.013747831708506533,0.0014295342721437152
selected256,family:train16,h1,rearCl,38,0.03494257901452089,0.025197227706054325,-0.009745351308466568
selected256,family:train16,h1,totalCd,38,0.012225304779253508,0.013676488085796959,0.0014511833065434503
selected256,lead:23,h1,frontCd,3,0.00037789344787597656,0.0005656083424886068,0.00018771489461263024
selected256,lead:23,h1,frontCl,3,0.0006646513938903809,0.00748590628306071,0.006821254889170329
selected256,lead:23,h1,rearCd,3,0.010749240716298422,0.00751658280690511,-0.0032326579093933114
selected256,lead:23,h1,rearCl,3,0.04911315441131592,0.031070431073506672,-0.018042723337809246
selected256,lead:23,h1,totalCd,3,0.010543406009674072,0.006950974464416504,-0.0035924315452575684
selected256,action:zero,h1,frontCd,23,0.0004423908565355384,0.00029421889263650644,-0.00014817196389903194
selected256,action:zero,h1,frontCl,23,0.007891499477884045,0.011335417324596125,0.00344391784671208
selected256,action:zero,h1,rearCd,23,0.009922911291537077,0.00842651595240054,-0.0014963953391365376
selected256,action:zero,h1,rearCl,23,0.0760202654030012,0.028618098601051,-0.04740216680195021
selected256,action:zero,h1,totalCd,23,0.010016278080318285,0.00842334394869597,-0.0015929341316223145
selected256,lead:60,h1,frontCd,3,0.0005240043004353842,0.00040729840596516925,-0.0001167058944702149
selected256,lead:60,h1,frontCl,3,0.008428330222765604,0.009767388304074606,0.0013390580813090018
selected256,lead:60,h1,rearCd,3,0.00826174020767212,0.00441509485244751,-0.0038466453552246094
selected256,lead:60,h1,rearCl,3,0.035643537839253746,0.03743783632914225,0.0017942984898885045
selected256,lead:60,h1,totalCd,3,0.0086480180422465,0.004099984963734944,-0.004548033078511556
selected256,lead:97,h1,frontCd,3,0.0011826356252034504,0.0006734927495320638,-0.0005091428756713866
selected256,lead:97,h1,frontCl,3,0.002674068013827006,0.007356514533360799,0.0046824465195337926
selected256,lead:97,h1,rearCd,3,0.0020152529080708823,0.022218088308970135,0.020202835400899254
selected256,lead:97,h1,rearCl,3,0.1065864513317744,0.0644422893722852,-0.042144161959489196
selected256,lead:97,h1,totalCd,3,0.0031978885332743325,0.02201761802037557,0.018819729487101235
selected256,lead:34,h1,frontCd,3,0.0009170770645141602,0.000421603520711263,-0.0004954735438028972
selected256,lead:34,h1,frontCl,3,0.008581226070721945,0.009349157412846884,0.000767931342124939
selected256,lead:34,h1,rearCd,3,0.009670257568359375,0.005837043126424153,-0.0038332144419352216
selected256,lead:34,h1,rearCl,3,0.05531372626622518,0.029127806425094604,-0.026185919841130577
selected256,lead:34,h1,totalCd,3,0.010257442792256674,0.005759239196777344,-0.00449820359547933
selected256,lead:71,h1,frontCd,3,0.0010014772415161133,0.0009213288625081381,-8.014837900797522e-05
selected256,lead:71,h1,frontCl,3,0.0065168291330337524,0.0058045536279678345,-0.000712275505065918
selected256,lead:71,h1,rearCd,3,0.013611813386281332,0.012715597947438559,-0.0008962154388427734
selected256,lead:71,h1,rearCl,3,0.1089010164141655,0.030933546523253124,-0.07796746989091237
selected256,lead:71,h1,totalCd,3,0.014613290627797445,0.01253432035446167,-0.0020789702733357753
selected256,lead:8,h1,frontCd,3,0.0009446144104003906,0.0003852049509684245,-0.0005594094594319661
selected256,lead:8,h1,frontCl,3,0.008128652969996134,0.004938354094823201,-0.0031902988751729327
selected256,lead:8,h1,rearCd,3,0.013078649838765463,0.01618524392445882,0.0031065940856933576
selected256,lead:8,h1,rearCl,3,0.06330837806065877,0.04815127452214559,-0.015157103538513177
selected256,lead:8,h1,totalCd,3,0.012946645418802897,0.015895724296569824,0.0029490788777669277
selected256,lead:45,h1,frontCd,3,0.0004776318868001302,0.000375827153523763,-0.00010180473327636719
selected256,lead:45,h1,frontCl,3,0.008257846037546793,0.006542781988779704,-0.001715064048767089
selected256,lead:45,h1,rearCd,3,0.017231861750284832,0.01523977518081665,-0.0019920865694681815
selected256,lead:45,h1,rearCl,3,0.0781423697868983,0.005129297574361165,-0.07301307221253714
selected256,lead:45,h1,totalCd,3,0.017380952835083008,0.01506882905960083,-0.0023121237754821777
selected256,lead:82,h1,frontCd,3,0.001461307207743327,0.0008665720621744791,-0.0005947351455688478
selected256,lead:82,h1,frontCl,3,0.026685722172260284,0.018666038910547893,-0.008019683261712391
selected256,lead:82,h1,rearCd,3,0.038783133029937744,0.0383408268292745,-0.0004423062006632464
selected256,lead:82,h1,rearCl,3,0.058562000592549644,0.03818616271018982,-0.020375837882359825
selected256,lead:82,h1,totalCd,3,0.03732182582219442,0.038496275742848717,0.0011744499206542969
selected256,lead:19,h1,frontCd,3,0.0005498727162679037,0.0010761419932047527,0.000526269276936849
selected256,lead:19,h1,frontCl,3,0.005869944890340169,0.009956101576487223,0.004086156686147054
selected256,lead:19,h1,rearCd,3,0.013434529304504395,0.008840541044871012,-0.004593988259633383
selected256,lead:19,h1,rearCl,3,0.0365630586942037,0.03647698958714803,-8.606910705566406e-05
selected256,lead:19,h1,totalCd,3,0.01288465658823649,0.008616665999094645,-0.004267990589141846
selected256,lead:56,h1,frontCd,3,0.0003446340560913086,0.0002479155858357747,-9.671847025553387e-05
selected256,lead:56,h1,frontCl,3,0.011745015780131022,0.008447686831156412,-0.0032973289489746094
selected256,lead:56,h1,rearCd,3,0.007439732551574707,0.014361759026845297,0.00692202647527059
selected256,lead:56,h1,rearCl,3,0.12744754552841187,0.03360751271247864,-0.09384003281593323
selected256,lead:56,h1,totalCd,3,0.007562478383382161,0.014357507228851318,0.006795028845469157
selected256,lead:93,h1,frontCd,3,0.0003909667332967122,0.0001171429951985677,-0.00027382373809814453
selected256,lead:93,h1,frontCl,3,0.004332651694615682,0.006146222352981567,0.0018135706583658857
selected256,lead:93,h1,rearCd,3,0.0335197647412618,0.018333176771799724,-0.015186587969462078
selected256,lead:93,h1,rearCl,3,0.1135743111371994,0.02194884419441223,-0.09162546694278717
selected256,lead:93,h1,totalCd,3,0.03332533439000448,0.018365283807118733,-0.014960050582885746
selected256,lead:30,h1,frontCd,3,0.0005242029825846354,0.00037093957265218097,-0.0001532634099324544
selected256,lead:30,h1,frontCl,3,0.007837841908137003,0.006999671459197998,-0.000838170448939005
selected256,lead:30,h1,rearCd,3,0.04087283213933309,0.024848739306132,-0.01602409283320109
selected256,lead:30,h1,rearCl,3,0.14235547433296838,0.06079017370939255,-0.08156530062357584
selected256,lead:30,h1,totalCd,3,0.040434459845225014,0.024584372838338215,-0.0158500870068868
selected256,lead:67,h1,frontCd,3,0.0004999240239461263,0.0006049871444702148,0.0001050631205240885
selected256,lead:67,h1,frontCl,3,0.0064913928508758545,0.005659798781077067,-0.0008315940697987871
selected256,lead:67,h1,rearCd,3,0.02475498119990031,0.008354981740315756,-0.016399999459584556
selected256,lead:67,h1,rearCl,3,0.1348110536734263,0.05597573518753052,-0.07883531848589578
selected256,lead:67,h1,totalCd,3,0.02486000458399455,0.008921583493550619,-0.01593842109044393
selected256,lead:4,h1,frontCd,3,0.00046463807423909503,0.0008694330851236979,0.00040479501088460285
selected256,lead:4,h1,frontCl,3,0.00911278153459231,0.005764314283927281,-0.0033484672506650286
selected256,lead:4,h1,rearCd,3,0.027584572633107502,0.012957910696665445,-0.014626661936442057
selected256,lead:4,h1,rearCl,3,0.09697167575359344,0.05589058995246887,-0.04108108580112457
selected256,lead:4,h1,totalCd,3,0.02726028362909953,0.012088477611541748,-0.015171806017557781
selected256,lead:41,h1,frontCd,3,0.0011150439580281575,0.0004564523696899414,-0.0006585915883382161
selected256,lead:41,h1,frontCl,3,0.015341209868590036,0.013047576571504274,-0.002293633297085762
selected256,lead:41,h1,rearCd,3,0.011081874370574951,0.014837423960367838,0.003755549589792887
selected256,lead:41,h1,rearCl,3,0.11919905959318082,0.04044746172924837,-0.07875159786393246
selected256,lead:41,h1,totalCd,3,0.01192551851272583,0.015037735303243002,0.003112216790517172
selected256,lead:78,h1,frontCd,3,0.0009059906005859375,0.0006097555160522461,-0.0002962350845336914
selected256,lead:78,h1,frontCl,3,0.01637395719687144,0.020913032193978626,0.004539074997107186
selected256,lead:78,h1,rearCd,3,0.02884821097056071,0.014909088611602783,-0.013939122358957928
selected256,lead:78,h1,rearCl,3,0.10423856476942699,0.058015286922454834,-0.04622327784697215
selected256,lead:78,h1,totalCd,3,0.029097835222880047,0.015040099620819092,-0.014057735602060955
selected256,lead:15,h1,frontCd,3,0.0021425485610961914,0.001011212666829427,-0.0011313358942667644
selected256,lead:15,h1,frontCl,3,0.019189290702342987,0.020362446705500286,0.001173156003157299
selected256,lead:15,h1,rearCd,3,0.0202708641688029,0.01769222815831502,-0.0025786360104878767
selected256,lead:15,h1,rearCl,3,0.07126251856486003,0.03139543533325195,-0.03986708323160808
selected256,lead:15,h1,totalCd,3,0.022075732549031574,0.018420676390329998,-0.0036550561587015765
selected256,lead:52,h1,frontCd,3,0.00025081634521484375,0.0002791881561279297,2.8371810913085938e-05
selected256,lead:52,h1,frontCl,3,0.0009646763404210409,0.00855452318986257,0.007589846849441529
selected256,lead:52,h1,rearCd,3,0.03311993678410848,0.004484653472900391,-0.02863528331120809
selected256,lead:52,h1,rearCl,3,0.0937185746928056,0.005805047849814097,-0.0879135268429915
selected256,lead:52,h1,totalCd,3,0.03322420517603556,0.004205465316772461,-0.0290187398592631
selected256,lead:89,h1,frontCd,3,0.0006767908732096354,0.0005163749059041342,-0.00016041596730550123
selected256,lead:89,h1,frontCl,3,0.01457998901605606,0.017200638850529987,0.0026206498344739267
selected256,lead:89,h1,rearCd,3,0.014792303244272867,0.007480780283610026,-0.007311522960662841
selected256,lead:89,h1,rearCl,3,0.045824925104777016,0.03339099884033203,-0.012433926264444985
selected256,lead:89,h1,totalCd,3,0.014396369457244873,0.006964405377705892,-0.007431964079538981
selected256,lead:26,h1,frontCd,3,0.00017305215199788412,0.0003031492233276367,0.0001300970713297526
selected256,lead:26,h1,frontCl,3,0.01224424441655477,0.014296799898147583,0.0020525554815928135
selected256,lead:26,h1,rearCd,3,0.03787696361541748,0.006549517313639323,-0.03132744630177816
selected256,lead:26,h1,rearCl,3,0.11240617434183757,0.05325917402903239,-0.05914700031280518
selected256,lead:26,h1,totalCd,3,0.03777805964152018,0.006497899691263835,-0.03128015995025635
selected256,lead:63,h1,frontCd,3,0.0010832548141479492,0.0006544987360636393,-0.00042875607808430993
selected256,lead:63,h1,frontCl,3,0.024377937118212383,0.018885453542073567,-0.005492483576138817
selected256,lead:63,h1,rearCd,3,0.03279020388921102,0.006226181983947754,-0.026564021905263267
selected256,lead:63,h1,rearCl,3,0.081195001800855,0.05822058022022247,-0.022974421580632523
selected256,lead:63,h1,totalCd,3,0.031887988249460854,0.0068806807200113935,-0.02500730752944946
selected256,lead:100,h1,frontCd,3,0.0006403128306070963,0.0005383094151814779,-0.00010200341542561842
selected256,lead:100,h1,frontCl,3,0.008177220821380615,0.01088962952295939,0.0027124087015787755
selected256,lead:100,h1,rearCd,3,0.0282517671585083,0.008352319399515787,-0.019899447758992515
selected256,lead:100,h1,rearCl,3,0.05925603707631429,0.021777411301930744,-0.037478625774383545
selected256,lead:100,h1,totalCd,3,0.027902642885843914,0.008314689000447592,-0.019587953885396324
selected256,lead:37,h1,frontCd,3,0.0009485880533854166,0.00047127405802408856,-0.00047731399536132807
selected256,lead:37,h1,frontCl,3,0.023607830206553142,0.01744702085852623,-0.006160809348026913
selected256,lead:37,h1,rearCd,3,0.02827278772989909,0.009818931420644125,-0.018453856309254967
selected256,lead:37,h1,rearCl,3,0.10107078154881795,0.03924002250035604,-0.06183075904846191
selected256,lead:37,h1,totalCd,3,0.027461767196655273,0.009347657362620035,-0.01811410983403524
selected256,lead:74,h1,frontCd,3,0.00029889742533365887,0.00041174888610839844,0.00011285146077473957
selected256,lead:74,h1,frontCl,3,0.008531659841537476,0.013425663113594055,0.00489400327205658
selected256,lead:74,h1,rearCd,3,0.03300307194391886,0.0010742545127868652,-0.031928817431131996
selected256,lead:74,h1,rearCl,3,0.06947511434555054,0.025264163812001545,-0.044210950533548996
selected256,lead:74,h1,totalCd,3,0.03281885385513306,0.0013845960299173992,-0.03143425782521566
selected256,lead:11,h1,frontCd,3,0.00025121370951334637,0.0005604028701782227,0.0003091891606648763
selected256,lead:11,h1,frontCl,3,0.011970937252044678,0.003575493892033895,-0.008395443360010782
selected256,lead:11,h1,rearCd,3,0.010910888512929281,0.0097426970799764,-0.0011681914329528809
selected256,lead:11,h1,rearCl,3,0.18451094379027685,0.06039643784364065,-0.1241145059466362
selected256,lead:11,h1,totalCd,3,0.010659674803415934,0.009651501973470053,-0.001008172829945881
selected256,lead:48,h1,frontCd,3,0.00036148230234781903,0.00036664803822835285,5.165735880533818e-06
selected256,lead:48,h1,frontCl,3,0.0032933944215377173,0.005717174460490544,0.002423780038952827
selected256,lead:48,h1,rearCd,3,0.03168555100758871,0.008781572182973226,-0.02290397882461548
selected256,lead:48,h1,rearCl,3,0.13375592231750488,0.04890731970469157,-0.08484860261281332
selected256,lead:48,h1,totalCd,3,0.031765381495157875,0.008705715338389078,-0.0230596661567688
selected256,lead:85,h1,frontCd,3,0.002132972081502279,0.0008032719294230143,-0.0013297001520792646
selected256,lead:85,h1,frontCl,3,0.02337060123682022,0.022051043808460236,-0.0013195574283599854
selected256,lead:85,h1,rearCd,3,0.02389313777287801,0.015785902738571167,-0.008107235034306843
selected256,lead:85,h1,rearCl,3,0.034315804640452065,0.06362672646840413,0.029310921827952065
selected256,lead:85,h1,totalCd,3,0.02587193250656128,0.016589174667994182,-0.009282757838567097
selected256,lead:22,h1,frontCd,3,0.0009935299555460613,0.00024302800496419272,-0.0007505019505818685
selected256,lead:22,h1,frontCl,3,0.01382472055653731,0.013371104374527931,-0.0004536161820093785
selected256,lead:22,h1,rearCd,3,0.01294471820195516,0.010391255219777426,-0.0025534629821777344
selected256,lead:22,h1,rearCl,3,0.16024385889371237,0.06230462590853373,-0.09793923298517865
selected256,lead:22,h1,totalCd,3,0.013526340325673422,0.010292549928029379,-0.003233790397644043
selected256,lead:59,h1,frontCd,3,0.0009711583455403646,0.00034868717193603516,-0.0006224711736043295
selected256,lead:59,h1,frontCl,3,0.017688403526941936,0.01888305942217509,0.0011946558952331543
selected256,lead:59,h1,rearCd,3,0.02320454518000285,0.003068268299102783,-0.020136276880900066
selected256,lead:59,h1,rearCl,3,0.08618903160095215,0.037090192238489784,-0.049098839362462364
selected256,lead:59,h1,totalCd,3,0.02368400494257609,0.0031510392824808755,-0.020532965660095215
selected256,lead:96,h1,frontCd,3,0.0002663930257161458,0.0005362033843994141,0.00026981035868326825
selected256,lead:96,h1,frontCl,3,0.01147231956322988,0.006490394473075867,-0.004981925090154013
selected256,lead:96,h1,rearCd,3,0.0152053435643514,0.012072602907816568,-0.003132740656534832
selected256,lead:96,h1,rearCl,3,0.03203187386194865,0.03270192941029867,0.0006700555483500209
selected256,lead:96,h1,totalCd,3,0.014938950538635254,0.0120468537012736,-0.0028920968373616542
selected256,lead:33,h1,frontCd,3,0.0004096825917561849,0.0004004240036010742,-9.258588155110659e-06
selected256,lead:33,h1,frontCl,3,0.009420522799094519,0.011615792910257975,0.002195270111163456
selected256,lead:33,h1,rearCd,3,0.02724348505338033,0.008915970722834269,-0.01832751433054606
selected256,lead:33,h1,rearCl,3,0.1028590335821112,0.02765604356924693,-0.07520299001286426
selected256,lead:33,h1,totalCd,3,0.027440816164016724,0.009213000535964966,-0.018227815628051758
selected256,lead:70,h1,frontCd,3,0.0004885196685791016,0.0006886323293050131,0.0002001126607259115
selected256,lead:70,h1,frontCl,3,0.013002675647536913,0.005547573169072469,-0.007455102478464444
selected256,lead:70,h1,rearCd,3,0.01435383160909017,0.011917392412821451,-0.0024364391962687186
selected256,lead:70,h1,rearCl,3,0.0753152072429657,0.04383178551991781,-0.03148342172304789
selected256,lead:70,h1,totalCd,3,0.01469874382019043,0.01190777619679769,-0.0027909676233927403
selected256,lead:7,h1,frontCd,3,0.0001952648162841797,0.00039537747701009113,0.00020011266072591144
selected256,lead:7,h1,frontCl,3,0.008279025554656982,0.006672531366348267,-0.0016064941883087158
selected256,lead:7,h1,rearCd,3,0.048745195070902504,0.02497782309850057,-0.023767371972401936
selected256,lead:7,h1,rearCl,3,0.10681894421577454,0.016307334105173748,-0.09051161011060078
selected256,lead:7,h1,totalCd,3,0.048687497774759926,0.024847646554311115,-0.02383985122044881
selected256,lead:44,h1,frontCd,3,0.0009434223175048828,0.00034741560618082684,-0.0005960067113240559
selected256,lead:44,h1,frontCl,3,0.019573569297790527,0.01884545882542928,-0.0007281104723612479
selected256,lead:44,h1,rearCd,3,0.02039194107055664,0.009008904298146566,-0.011383036772410074
selected256,lead:44,h1,rearCl,3,0.05292940139770508,0.018749515215555828,-0.03417988618214925
selected256,lead:44,h1,totalCd,3,0.01986543337504069,0.009353617827097574,-0.010511815547943117
selected256,lead:81,h1,frontCd,3,0.00100402037302653,0.0007310310999552408,-0.00027298927307128917
selected256,lead:81,h1,frontCl,3,0.011270701885223389,0.005472525954246521,-0.005798175930976868
selected256,lead:81,h1,rearCd,3,0.04182382424672445,0.01751403013865153,-0.024309794108072918
selected256,lead:81,h1,rearCl,3,0.09297439455986023,0.018822590510050457,-0.07415180404980977
selected256,lead:81,h1,totalCd,3,0.040819803873697914,0.017022053400675457,-0.023797750473022457
selected256,lead:18,h1,frontCd,3,0.0012065569559733074,0.0008613665898640951,-0.0003451903661092123
selected256,lead:18,h1,frontCl,3,0.023566986123720806,0.01914641261100769,-0.004420573512713116
selected256,lead:18,h1,rearCd,3,0.02952408790588379,0.009152273337046305,-0.020371814568837486
selected256,lead:18,h1,rearCl,3,0.08252235502004623,0.04071000777184963,-0.0418123472481966
selected256,lead:18,h1,totalCd,3,0.028631130854288738,0.0100136399269104,-0.018617490927378338
selected256,lead:55,h1,frontCd,3,0.00034439563751220703,0.00043133894602457684,8.694330851236981e-05
selected256,lead:55,h1,frontCl,3,0.00939395527044932,0.009832019607226053,0.0004380643367767334
selected256,lead:55,h1,rearCd,3,0.031135698159535725,0.0033798019091288247,-0.0277558962504069
selected256,lead:55,h1,rearCl,3,0.03308115402857462,0.07037381331125896,0.03729265928268433
selected256,lead:55,h1,totalCd,3,0.03089096148808797,0.0036424994468688965,-0.027248462041219074
selected256,lead:92,h1,frontCd,3,0.002277374267578125,0.001028140385945638,-0.001249233881632487
selected256,lead:92,h1,frontCl,3,0.01873166859149933,0.015554383397102356,-0.0031772851943969727
selected256,lead:92,h1,rearCd,3,0.027761717637379963,0.017677326997121174,-0.010084390640258789
selected256,lead:92,h1,rearCl,3,0.07091792331387599,0.022096154900888603,-0.04882176841298738
selected256,lead:92,h1,totalCd,3,0.029570599397023518,0.018705467383066814,-0.010865132013956703
selected256,lead:29,h1,frontCd,3,0.0004921754201253256,0.00046936670939127606,-2.2808710734049497e-05
selected256,lead:29,h1,frontCl,3,0.0029705862204233804,0.008847239116827646,0.005876652896404266
selected256,lead:29,h1,rearCd,3,0.03049437204996745,0.007769087950388591,-0.022725284099578857
selected256,lead:29,h1,rearCl,3,0.16174105803171793,0.06421486536661784,-0.09752619266510008
selected256,lead:29,h1,totalCd,3,0.03017584482828776,0.0075599948565165205,-0.02261584997177124
selected256,lead:66,h1,frontCd,3,0.0024415254592895508,0.001253048578898112,-0.0011884768803914387
selected256,lead:66,h1,frontCl,3,0.021195729573567707,0.02239065368970235,0.0011949241161346436
selected256,lead:66,h1,rearCd,3,0.025798221429189045,0.019233842690785725,-0.00656437873840332
selected256,lead:66,h1,rearCl,3,0.052244444688161217,0.024004995822906494,-0.028239448865254722
selected256,lead:66,h1,totalCd,3,0.027992665767669678,0.020076970259348553,-0.007915695508321125
selected256,lead:3,h1,frontCd,3,0.0005432764689127604,0.0004249413808186849,-0.0001183350880940755
selected256,lead:3,h1,frontCl,3,0.009194145600001017,0.010992132127285004,0.001797986527283987
selected256,lead:3,h1,rearCd,3,0.018712520599365234,0.005774895350138347,-0.012937625249226887
selected256,lead:3,h1,rearCl,3,0.1562513311704,0.07130968570709229,-0.08494164546330771
selected256,lead:3,h1,totalCd,3,0.018997907638549805,0.006199836730957031,-0.012798070907592773
selected256,lead:40,h1,frontCd,3,0.0016169150670369465,0.0007410049438476562,-0.0008759101231892903
selected256,lead:40,h1,frontCl,3,0.020954735577106476,0.023431919515132904,0.0024771839380264282
selected256,lead:40,h1,rearCd,3,0.023208002249399822,0.016870200634002686,-0.006337801615397137
selected256,lead:40,h1,rearCl,3,0.050426999727884926,0.009195278088251749,-0.04123172163963318
selected256,lead:40,h1,totalCd,3,0.024747033913930256,0.017343382040659588,-0.007403651873270668
selected256,lead:77,h1,frontCd,3,0.00028510888417561847,0.00037670135498046875,9.159247080485028e-05
selected256,lead:77,h1,frontCl,3,0.014517262578010559,0.008011455337206522,-0.006505807240804037
selected256,lead:77,h1,rearCd,3,0.021280805269877117,0.011994461218516031,-0.009286344051361086
selected256,lead:77,h1,rearCl,3,0.07187426090240479,0.009341756502787272,-0.06253250439961751
selected256,lead:77,h1,totalCd,3,0.021132151285807293,0.012042144934336344,-0.009090006351470949
selected256,lead:14,h1,frontCd,3,0.0004973411560058594,0.00033644835154215497,-0.0001608928044637044
selected256,lead:14,h1,frontCl,3,0.013023346041639646,0.015452515333890915,0.0024291692922512684
selected256,lead:14,h1,rearCd,3,0.024824877580006916,0.006016890207926433,-0.018807987372080483
selected256,lead:14,h1,rearCl,3,0.09210365265607834,0.033011759320894875,-0.059091893335183464
selected256,lead:14,h1,totalCd,3,0.02507227659225464,0.006316463152567546,-0.018755813439687092
selected256,lead:51,h1,frontCd,3,0.0002849102020263672,0.000798185666402181,0.0005132754643758138
selected256,lead:51,h1,frontCl,3,0.013028457760810852,0.00910498450199763,-0.003923473258813223
selected256,lead:51,h1,rearCd,3,0.006812949975331624,0.007611413796742757,0.0007984638214111328
selected256,lead:51,h1,rearCl,3,0.03500525156656901,0.05004911124706268,0.015043859680493675
selected256,lead:51,h1,totalCd,3,0.006872395674387614,0.007523238658905029,0.0006508429845174151
selected256,lead:88,h1,frontCd,3,0.00028856595357259113,0.00046213467915852863,0.0001735687255859375
selected256,lead:88,h1,frontCl,3,0.014681602517763773,0.012407551209131876,-0.002274051308631897
selected256,lead:88,h1,rearCd,3,0.027303020159403484,0.014999647935231527,-0.012303372224171957
selected256,lead:88,h1,rearCl,3,0.19993852575620016,0.07085029284159343,-0.12908823291460675
selected256,lead:88,h1,totalCd,3,0.02701445420583089,0.014568030834197998,-0.012446423371632893
selected256,lead:25,h1,frontCd,3,0.0008500814437866211,0.0006930033365885416,-0.00015707810719807946
selected256,lead:25,h1,frontCl,3,0.01915146658817927,0.0185649370153745,-0.0005865295728047712
selected256,lead:25,h1,rearCd,3,0.02257118622461955,0.006426592667897542,-0.016144593556722008
selected256,lead:25,h1,rearCl,3,0.07008894284566243,0.01810590426127116,-0.05198303858439127
selected256,lead:25,h1,totalCd,3,0.021721104780832928,0.006354033946990967,-0.01536707083384196
selected256,lead:62,h1,frontCd,3,0.00046904881795247394,0.0004865725835164388,1.7523765563964844e-05
selected256,lead:62,h1,frontCl,3,0.008019139369328817,0.011953661839167276,0.003934522469838459
selected256,lead:62,h1,rearCd,3,0.0190620223681132,0.0030068159103393555,-0.016055206457773846
selected256,lead:62,h1,rearCl,3,0.1342780813574791,0.03391521175702413,-0.10036286960045496
selected256,lead:62,h1,totalCd,3,0.018592973550160725,0.002606471379597982,-0.015986502170562744
selected256,lead:99,h1,frontCd,3,0.0009315013885498047,0.00038894017537434894,-0.0005425612131754558
selected256,lead:99,h1,frontCl,3,0.011673115193843842,0.014182853202025095,0.0025097380081812535
selected256,lead:99,h1,rearCd,3,0.012276907761891684,0.008381585280100504,-0.0038953224817911795
selected256,lead:99,h1,rearCl,3,0.1621337334314982,0.05651414394378662,-0.10561958948771158
selected256,lead:99,h1,totalCd,3,0.012621661027272543,0.008106529712677002,-0.004515131314595541
selected256,lead:36,h1,frontCd,3,0.0007976293563842773,0.0008120934168497721,1.4464060465494756e-05
selected256,lead:36,h1,frontCl,3,0.010962953170140585,0.007642626762390137,-0.003320326407750448
selected256,lead:36,h1,rearCd,3,0.03516139586766561,0.010352174441019693,-0.02480922142664592
selected256,lead:36,h1,rearCl,3,0.04851485292116801,0.015579581260681152,-0.032935271660486855
selected256,lead:36,h1,totalCd,3,0.034363766511281334,0.00985407829284668,-0.024509688218434654
selected256,lead:73,h1,frontCd,3,0.0017336606979370117,0.0010672410329182942,-0.0006664196650187175
selected256,lead:73,h1,frontCl,3,0.017763137817382812,0.01384944220383962,-0.003913695613543192
selected256,lead:73,h1,rearCd,3,0.01995040973027547,0.015802939732869465,-0.004147469997406006
selected256,lead:73,h1,rearCl,3,0.09683947265148163,0.03528702259063721,-0.06155245006084442
selected256,lead:73,h1,totalCd,3,0.021226306756337483,0.015560468037923178,-0.005665838718414305
selected256,lead:10,h1,frontCd,3,0.00013136863708496094,0.00025101502736409503,0.0001196463902791341
selected256,lead:10,h1,frontCl,3,0.006601601218183835,0.011810425048073133,0.005208823829889298
selected256,lead:10,h1,rearCd,3,0.029597361882527668,0.01357485850652059,-0.01602250337600708
selected256,lead:10,h1,rearCl,3,0.07775237162907918,0.031175156434377033,-0.04657721519470215
selected256,lead:10,h1,totalCd,3,0.029550790786743164,0.013323843479156494,-0.01622694730758667
selected256,lead:47,h1,frontCd,3,0.0026332934697469077,0.0014190276463826497,-0.001214265823364258
selected256,lead:47,h1,frontCl,3,0.022076040506362915,0.021771366397539776,-0.0003046741088231393
selected256,lead:47,h1,rearCd,3,0.049589335918426514,0.04806425174077352,-0.0015250841776529925
selected256,lead:47,h1,rearCl,3,0.032466351985931396,0.051576455434163414,0.019110103448232017
selected256,lead:47,h1,totalCd,3,0.05183917284011841,0.04920750856399536,-0.002631664276123047
selected256,lead:84,h1,frontCd,3,0.0004957119623819987,0.0009220043818155924,0.00042629241943359375
selected256,lead:84,h1,frontCl,3,0.010128478209177652,0.008848865826924643,-0.00127961238225301
selected256,lead:84,h1,rearCd,3,0.06567140420277913,0.041000147660573326,-0.024671256542205804
selected256,lead:84,h1,rearCl,3,0.10978906353314717,0.03395348787307739,-0.07583557566006978
selected256,lead:84,h1,totalCd,3,0.0652308464050293,0.04007814327875773,-0.025152703126271568
selected256,lead:21,h1,frontCd,3,0.001690824826558431,0.0005168517430623373,-0.0011739730834960938
selected256,lead:21,h1,frontCl,3,0.021917988856633503,0.020670533180236816,-0.0012474556763966867
selected256,lead:21,h1,rearCd,3,0.019120971361796062,0.008399327596028646,-0.010721643765767416
selected256,lead:21,h1,rearCl,3,0.03331353267033895,0.031149903933207195,-0.0021636287371317557
selected256,lead:21,h1,totalCd,3,0.020350217819213867,0.008655269940694174,-0.011694947878519693
selected256,lead:58,h1,frontCd,3,0.00039136409759521484,0.0002285639444986979,-0.00016280015309651694
selected256,lead:58,h1,frontCl,3,0.014297792067130407,0.0113523801167806,-0.0029454119503498077
selected256,lead:58,h1,rearCd,3,0.028148949146270752,0.019185205300649006,-0.008963743845621746
selected256,lead:58,h1,rearCl,3,0.11108339329560597,0.024074827631314594,-0.08700856566429138
selected256,lead:58,h1,totalCd,3,0.027903417746225994,0.01906822125116984,-0.008835196495056152
selected256,lead:95,h1,frontCd,3,0.0011930068333943684,0.000709374745686849,-0.0004836320877075194
selected256,lead:95,h1,frontCl,3,0.024022509654362995,0.019463767608006794,-0.004558742046356201
selected256,lead:95,h1,rearCd,3,0.02890435854593913,0.006799181302388509,-0.02210517724355062
selected256,lead:95,h1,rearCl,3,0.11048887173334758,0.05577478806177775,-0.05471408367156983
selected256,lead:95,h1,totalCd,3,0.027805765469868977,0.00611571470896403,-0.021690050760904946
selected256,lead:32,h1,frontCd,3,0.0002788702646891276,0.0005468527475992838,0.0002679824829101562
selected256,lead:32,h1,frontCl,3,0.01392211765050888,0.00961904227733612,-0.00430307537317276
selected256,lead:32,h1,rearCd,3,0.012064059575398764,0.007684300343195598,-0.004379759232203166
selected256,lead:32,h1,rearCl,3,0.032016475995381675,0.04795674482981364,0.01594026883443196
selected256,lead:32,h1,totalCd,3,0.01203449567159017,0.008231153090794882,-0.003803342580795288
selected256,lead:69,h1,frontCd,2,0.0004940032958984375,0.0005166530609130859,2.2649765014648438e-05
selected256,lead:69,h1,frontCl,2,0.0023500919342041016,0.002090662717819214,-0.0002594292163848877
selected256,lead:69,h1,rearCd,2,0.013630867004394531,0.018033534288406372,0.004402667284011841
selected256,lead:69,h1,rearCl,2,0.03213045001029968,0.03381505608558655,0.0016846060752868652
selected256,lead:69,h1,totalCd,2,0.013136863708496094,0.017516881227493286,0.004380017518997192
selected256,lead:6,h1,frontCd,2,0.0007126927375793457,0.0007123351097106934,-3.5762786865234375e-07
selected256,lead:6,h1,frontCl,2,0.002985820174217224,0.01181599497795105,0.008830174803733826
selected256,lead:6,h1,rearCd,2,0.021120399236679077,0.019901186227798462,-0.0012192130088806152
selected256,lead:6,h1,rearCl,2,0.040713608264923096,0.044454723596572876,0.0037411153316497803
selected256,lead:6,h1,totalCd,2,0.02040770649909973,0.01918885111808777,-0.0012188553810119629
selected256,lead:43,h1,frontCd,2,0.0004730820655822754,0.0004349350929260254,-3.814697265625e-05
selected256,lead:43,h1,frontCl,2,0.0016027837991714478,0.007719889283180237,0.006117105484008789
selected256,lead:43,h1,rearCd,2,0.02892911434173584,0.031806349754333496,0.0028772354125976562
selected256,lead:43,h1,rearCl,2,0.03633221983909607,0.008708447217941284,-0.027623772621154785
selected256,lead:43,h1,totalCd,2,0.028634369373321533,0.03137141466140747,0.0027370452880859375
selected256,lead:80,h1,frontCd,2,0.0005800127983093262,0.00042831897735595703,-0.00015169382095336914
selected256,lead:80,h1,frontCl,2,0.002781413495540619,0.01190592348575592,0.009124509990215302
selected256,lead:80,h1,rearCd,2,0.005204707384109497,0.007511109113693237,0.0023064017295837402
selected256,lead:80,h1,rearCl,2,0.05422452092170715,0.012009412050247192,-0.04221510887145996
selected256,lead:80,h1,totalCd,2,0.00557217001914978,0.007939428091049194,0.002367258071899414
selected256,lead:17,h1,frontCd,2,0.0009386539459228516,0.0004863142967224121,-0.00045233964920043945
selected256,lead:17,h1,frontCl,2,0.0024339035153388977,0.01232147216796875,0.009887568652629852
selected256,lead:17,h1,rearCd,2,0.019295036792755127,0.010765761137008667,-0.00852927565574646
selected256,lead:17,h1,rearCl,2,0.02899765968322754,0.018707633018493652,-0.010290026664733887
selected256,lead:17,h1,totalCd,2,0.018356382846832275,0.010328680276870728,-0.008027702569961548
selected256,lead:54,h1,frontCd,2,0.0008573532104492188,0.0004826784133911133,-0.00037467479705810547
selected256,lead:54,h1,frontCl,2,0.005165457725524902,0.0004578530788421631,-0.004707604646682739
selected256,lead:54,h1,rearCd,2,0.016609221696853638,0.021112412214279175,0.004503190517425537
selected256,lead:54,h1,rearCl,2,0.07324743270874023,0.057664647698402405,-0.01558278501033783
selected256,lead:54,h1,totalCd,2,0.01575186848640442,0.02062973380088806,0.004877865314483643
selected256,lead:91,h1,frontCd,2,0.0004425048828125,0.0007202625274658203,0.0002777576446533203
selected256,lead:91,h1,frontCl,2,0.0005291029810905457,0.0053778886795043945,0.004848785698413849
selected256,lead:91,h1,rearCd,2,0.007016509771347046,0.012390822172164917,0.005374312400817871
selected256,lead:91,h1,rearCl,2,0.049197301268577576,0.053027525544166565,0.0038302242755889893
selected256,lead:91,h1,totalCd,2,0.006780356168746948,0.012222379446029663,0.005442023277282715
selected256,lead:28,h1,frontCd,2,0.0001971125602722168,0.00021159648895263672,1.4483928680419922e-05
selected256,lead:28,h1,frontCl,2,0.0014247298240661621,0.006166502833366394,0.004741773009300232
selected256,lead:28,h1,rearCd,2,0.010981947183609009,0.008320659399032593,-0.002661287784576416
selected256,lead:28,h1,rearCl,2,0.050034597516059875,0.03312501311302185,-0.016909584403038025
selected256,lead:28,h1,totalCd,2,0.010784834623336792,0.00824996829032898,-0.0025348663330078125
selected256,lead:65,h1,frontCd,2,0.0005158782005310059,0.00047832727432250977,-3.7550926208496094e-05
selected256,lead:65,h1,frontCl,2,0.0015136376023292542,0.008657775819301605,0.007144138216972351
selected256,lead:65,h1,rearCd,2,0.008798152208328247,0.005084902048110962,-0.003713250160217285
selected256,lead:65,h1,rearCl,2,0.011966913938522339,0.02500516176223755,0.01303824782371521
selected256,lead:65,h1,totalCd,2,0.008468002080917358,0.005563229322433472,-0.0029047727584838867
selected256,lead:2,h1,frontCd,2,0.0002771615982055664,0.0004577040672302246,0.0001805424690246582
selected256,lead:2,h1,frontCl,2,0.0012445971369743347,0.00736125186085701,0.006116654723882675
selected256,lead:2,h1,rearCd,2,0.007743805646896362,0.0013613104820251465,-0.006382495164871216
selected256,lead:2,h1,rearCl,2,0.04891476035118103,0.0386793315410614,-0.010235428810119629
selected256,lead:2,h1,totalCd,2,0.008016794919967651,0.001819014549255371,-0.00619778037071228
selected256,lead:39,h1,frontCd,2,0.00020563602447509766,0.00022029876708984375,1.4662742614746094e-05
selected256,lead:39,h1,frontCl,2,0.005796611309051514,0.0036190226674079895,-0.002177588641643524
selected256,lead:39,h1,rearCd,2,0.007575392723083496,0.013700693845748901,0.006125301122665405
selected256,lead:39,h1,rearCl,2,0.02566017210483551,0.0235426127910614,-0.002117559313774109
selected256,lead:39,h1,totalCd,2,0.0073697566986083984,0.01357981562614441,0.006210058927536011
selected256,lead:76,h1,frontCd,2,0.0001850128173828125,0.00030738115310668945,0.00012236833572387695
selected256,lead:76,h1,frontCl,2,0.0004148036241531372,0.008044406771659851,0.007629603147506714
selected256,lead:76,h1,rearCd,2,0.009241700172424316,0.010026276111602783,0.0007845759391784668
selected256,lead:76,h1,rearCl,2,0.050321727991104126,0.009884178638458252,-0.040437549352645874
selected256,lead:76,h1,totalCd,2,0.009370684623718262,0.010152459144592285,0.0007817745208740234
selected256,lead:13,h1,frontCd,2,0.0001938939094543457,0.0006948709487915039,0.0005009770393371582
selected256,lead:13,h1,frontCl,2,0.0006631091237068176,0.014486611122265458,0.01382350199855864
selected256,lead:13,h1,rearCd,2,0.007018983364105225,0.011103272438049316,0.004084289073944092
selected256,lead:13,h1,rearCl,2,0.02248603105545044,0.01412007212638855,-0.00836595892906189
selected256,lead:13,h1,totalCd,2,0.007006049156188965,0.01179814338684082,0.0047920942306518555
selected256,lead:50,h1,frontCd,2,0.00048792362213134766,0.00044423341751098633,-4.369020462036133e-05
selected256,lead:50,h1,frontCl,2,0.0014865100383758545,0.00496460497379303,0.0034780949354171753
selected256,lead:50,h1,rearCd,2,0.010104924440383911,0.005265295505523682,-0.0048396289348602295
selected256,lead:50,h1,rearCl,2,0.02383796125650406,0.04696664959192276,0.0231286883354187
selected256,lead:50,h1,totalCd,2,0.009672790765762329,0.005578041076660156,-0.004094749689102173
selected256,lead:87,h1,frontCd,2,0.00031870603561401367,0.0002173781394958496,-0.00010132789611816406
selected256,lead:87,h1,frontCl,2,0.0022644996643066406,0.012617334723472595,0.010352835059165955
selected256,lead:87,h1,rearCd,2,0.020650535821914673,0.017086565494537354,-0.0035639703273773193
selected256,lead:87,h1,rearCl,2,0.0332946851849556,0.011338844895362854,-0.021955840289592743
selected256,lead:87,h1,totalCd,2,0.02033182978630066,0.017170190811157227,-0.0031616389751434326
selected256,lead:24,h1,frontCd,2,0.00031554698944091797,0.0002854466438293457,-3.0100345611572266e-05
selected256,lead:24,h1,frontCl,2,0.0017973920330405235,0.006181308068335056,0.004383916035294533
selected256,lead:24,h1,rearCd,2,0.017955660820007324,0.020601928234100342,0.0026462674140930176
selected256,lead:24,h1,rearCl,2,0.021363526582717896,0.011406868696212769,-0.009956657886505127
selected256,lead:24,h1,totalCd,2,0.017640113830566406,0.020316481590270996,0.00267636775970459
selected256,lead:61,h1,frontCd,2,0.00044029951095581055,0.0004935860633850098,5.328655242919922e-05
selected256,lead:61,h1,frontCl,2,0.001411418430507183,0.006075726822018623,0.00466430839151144
selected256,lead:61,h1,rearCd,2,0.019534528255462646,0.018303751945495605,-0.001230776309967041
selected256,lead:61,h1,rearCl,2,0.01847854256629944,0.049335986375808716,0.030857443809509277
selected256,lead:61,h1,totalCd,2,0.019094228744506836,0.017991244792938232,-0.0011029839515686035
selected256,lead:98,h1,frontCd,2,0.0008856654167175293,0.00045686960220336914,-0.00042879581451416016
selected256,lead:98,h1,frontCl,2,0.005166947841644287,0.004830271005630493,-0.00033667683601379395
selected256,lead:98,h1,rearCd,2,0.0636405348777771,0.06177404522895813,-0.0018664896488189697
selected256,lead:98,h1,rearCl,2,0.015510588884353638,0.02499064803123474,0.009480059146881104
selected256,lead:98,h1,totalCd,2,0.06275486946105957,0.06131717562675476,-0.0014376938343048096
selected256,lead:35,h1,frontCd,2,0.00021564960479736328,0.00042945146560668945,0.00021380186080932617
selected256,lead:35,h1,frontCl,2,0.0010807197540998459,0.011095425114035606,0.01001470535993576
selected256,lead:35,h1,rearCd,2,0.005033612251281738,0.007394671440124512,0.0023610591888427734
selected256,lead:35,h1,rearCl,2,0.02189737558364868,0.03315231204032898,0.011254936456680298
selected256,lead:35,h1,totalCd,2,0.0050656795501708984,0.007411062717437744,0.0023453831672668457
selected256,lead:72,h1,frontCd,2,0.0003037452697753906,0.00031262636184692383,8.881092071533203e-06
selected256,lead:72,h1,frontCl,2,0.0020334944128990173,0.008825734257698059,0.006792239844799042
selected256,lead:72,h1,rearCd,2,0.010875880718231201,0.008147627115249634,-0.0027282536029815674
selected256,lead:72,h1,rearCl,2,0.02564835548400879,0.04697829484939575,0.021329939365386963
selected256,lead:72,h1,totalCd,2,0.010607302188873291,0.007969468832015991,-0.0026378333568573
selected256,lead:9,h1,frontCd,2,0.00029152631759643555,0.0003070831298828125,1.5556812286376953e-05
selected256,lead:9,h1,frontCl,2,0.005105670541524887,0.02026299014687538,0.015157319605350494
selected256,lead:9,h1,rearCd,2,0.025482535362243652,0.02222137153148651,-0.003261163830757141
selected256,lead:9,h1,rearCl,2,0.05522739887237549,0.0553475022315979,0.00012010335922241211
selected256,lead:9,h1,totalCd,2,0.025191009044647217,0.0219142884016037,-0.003276720643043518
selected256,lead:46,h1,frontCd,2,0.00016188621520996094,0.0006653666496276855,0.0005034804344177246
selected256,lead:46,h1,frontCl,2,0.0008009541779756546,0.009544718079268932,0.008743763901293278
selected256,lead:46,h1,rearCd,2,0.006820321083068848,0.0129566490650177,0.0061363279819488525
selected256,lead:46,h1,rearCl,2,0.004803359508514404,0.03747013211250305,0.03266677260398865
selected256,lead:46,h1,totalCd,2,0.006982207298278809,0.012291282415390015,0.005309075117111206
selected256,lead:83,h1,frontCd,2,0.0006391406059265137,0.0007845759391784668,0.00014543533325195312
selected256,lead:83,h1,frontCl,2,0.0010933838784694672,0.011124014854431152,0.010030630975961685
selected256,lead:83,h1,rearCd,2,0.008405297994613647,0.00471845269203186,-0.003686845302581787
selected256,lead:83,h1,rearCl,2,0.03180062584578991,0.016760242637246847,-0.015040383208543062
selected256,lead:83,h1,totalCd,2,0.007766157388687134,0.005198925733566284,-0.0025672316551208496
selected256,lead:20,h1,frontCd,2,9.697675704956055e-05,0.0003082156181335449,0.00021123886108398438
selected256,lead:20,h1,frontCl,2,0.0012151449918746948,0.009003609418869019,0.007788464426994324
selected256,lead:20,h1,rearCd,2,0.008592456579208374,0.009218394756317139,0.0006259381771087646
selected256,lead:20,h1,rearCl,2,0.02826017141342163,0.049802184104919434,0.021542012691497803
selected256,lead:20,h1,totalCd,2,0.008550196886062622,0.008910179138183594,0.0003599822521209717
selected256,lead:57,h1,frontCd,2,0.00040644407272338867,0.0005543828010559082,0.00014793872833251953
selected256,lead:57,h1,frontCl,2,0.002805963158607483,0.0036713778972625732,0.0008654147386550903
selected256,lead:57,h1,rearCd,2,0.006426125764846802,0.01420852541923523,0.007782399654388428
selected256,lead:57,h1,rearCl,2,0.029264530166983604,0.006682964041829109,-0.022581566125154495
selected256,lead:57,h1,totalCd,2,0.006019681692123413,0.013654142618179321,0.007634460926055908
selected256,lead:94,h1,frontCd,2,0.0002606511116027832,0.0003275275230407715,6.687641143798828e-05
selected256,lead:94,h1,frontCl,2,0.0036503076553344727,0.015710964798927307,0.012060657143592834
selected256,lead:94,h1,rearCd,2,0.003922075033187866,0.0015240013599395752,-0.002398073673248291
selected256,lead:94,h1,rearCl,2,0.022823691368103027,0.03718191385269165,0.014358222484588623
selected256,lead:94,h1,totalCd,2,0.004056960344314575,0.0011964738368988037,-0.0028604865074157715
selected256,lead:31,h1,frontCd,2,0.000592648983001709,0.0007503032684326172,0.0001576542854309082
selected256,lead:31,h1,frontCl,2,0.002532517130021006,0.013089313812088221,0.010556796682067215
selected256,lead:31,h1,rearCd,2,0.013283222913742065,0.008967667818069458,-0.004315555095672607
selected256,lead:31,h1,rearCl,2,0.1279449462890625,0.12448689341545105,-0.00345805287361145
selected256,lead:31,h1,totalCd,2,0.01285603642463684,0.00821736454963684,-0.004638671875
selected256,lead:68,h1,frontCd,2,0.00019228458404541016,0.0006331205368041992,0.00044083595275878906
selected256,lead:68,h1,frontCl,2,0.0007462054491043091,0.005169481039047241,0.004423275589942932
selected256,lead:68,h1,rearCd,2,0.01038697361946106,0.00417560338973999,-0.006211370229721069
selected256,lead:68,h1,rearCl,2,0.041740916669368744,0.001983068883419037,-0.03975784778594971
selected256,lead:68,h1,totalCd,2,0.01019468903541565,0.004199683666229248,-0.005995005369186401
selected256,lead:5,h1,frontCd,1,0.0004391670227050781,0.0005432367324829102,0.00010406970977783203
selected256,lead:5,h1,frontCl,1,0.0013153254985809326,0.010423362255096436,0.009108036756515503
selected256,lead:5,h1,rearCd,1,0.008904457092285156,0.004092574119567871,-0.004811882972717285
selected256,lead:5,h1,rearCl,1,0.06209385395050049,0.026826858520507812,-0.035266995429992676
selected256,lead:5,h1,totalCd,1,0.008465290069580078,0.003549337387084961,-0.004915952682495117
selected256,lead:42,h1,frontCd,1,0.0002480745315551758,0.0005214214324951172,0.0002733469009399414
selected256,lead:42,h1,frontCl,1,0.0028283894062042236,0.013164341449737549,0.010335952043533325
selected256,lead:42,h1,rearCd,1,0.013818919658660889,7.581710815429688e-05,-0.013743102550506592
selected256,lead:42,h1,rearCl,1,0.05780327320098877,0.001015305519104004,-0.056787967681884766
selected256,lead:42,h1,totalCd,1,0.013570845127105713,0.0005972385406494141,-0.012973606586456299
selected256,lead:79,h1,frontCd,1,0.00012302398681640625,0.0004197359085083008,0.00029671192169189453
selected256,lead:79,h1,frontCl,1,0.00086994469165802,0.008880957961082458,0.008011013269424438
selected256,lead:79,h1,rearCd,1,0.00901728868484497,0.011342525482177734,0.0023252367973327637
selected256,lead:79,h1,rearCl,1,0.01710677146911621,0.0965583324432373,0.0794515609741211
selected256,lead:79,h1,totalCd,1,0.009140312671661377,0.011762261390686035,0.002621948719024658
selected256,lead:16,h1,frontCd,1,0.0002561807632446289,0.001468062400817871,0.0012118816375732422
selected256,lead:16,h1,frontCl,1,0.003568202257156372,0.021718204021453857,0.018150001764297485
selected256,lead:16,h1,rearCd,1,0.0041561126708984375,0.006515562534332275,0.002359449863433838
selected256,lead:16,h1,rearCl,1,0.016597747802734375,0.08011448383331299,0.06351673603057861
selected256,lead:16,h1,totalCd,1,0.004412293434143066,0.007983624935150146,0.00357133150100708
selected256,lead:53,h1,frontCd,1,0.0005242824554443359,0.00015306472778320312,-0.0003712177276611328
selected256,lead:53,h1,frontCl,1,0.0005825534462928772,0.013561941683292389,0.012979388236999512
selected256,lead:53,h1,rearCd,1,0.005648434162139893,0.011306941509246826,0.005658507347106934
selected256,lead:53,h1,rearCl,1,0.02789473533630371,0.008586764335632324,-0.019307971000671387
selected256,lead:53,h1,totalCd,1,0.0061727166175842285,0.01146000623703003,0.005287289619445801
selected256,lead:90,h1,frontCd,1,1.4424324035644531e-05,3.4332275390625e-05,1.990795135498047e-05
selected256,lead:90,h1,frontCl,1,0.001055259257555008,0.006409630179405212,0.0053543709218502045
selected256,lead:90,h1,rearCd,1,0.002057969570159912,0.00780940055847168,0.005751430988311768
selected256,lead:90,h1,rearCl,1,0.02472245693206787,0.02453780174255371,-0.00018465518951416016
selected256,lead:90,h1,totalCd,1,0.0020435452461242676,0.007843732833862305,0.005800187587738037
selected256,lead:27,h1,frontCd,1,0.0003908872604370117,0.00018715858459472656,-0.00020372867584228516
selected256,lead:27,h1,frontCl,1,0.0009940564632415771,0.00424841046333313,0.0032543540000915527
selected256,lead:27,h1,rearCd,1,0.0016084909439086914,0.011204719543457031,0.00959622859954834
selected256,lead:27,h1,rearCl,1,0.028209060430526733,0.023226439952850342,-0.004982620477676392
selected256,lead:27,h1,totalCd,1,0.001999378204345703,0.011391878128051758,0.009392499923706055
selected256,lead:64,h1,frontCd,1,0.0006361007690429688,0.0015691518783569336,0.0009330511093139648
selected256,lead:64,h1,frontCl,1,0.00042188167572021484,0.003688216209411621,0.0032663345336914062
selected256,lead:64,h1,rearCd,1,0.012738347053527832,0.02826523780822754,0.015526890754699707
selected256,lead:64,h1,rearCl,1,0.03286363184452057,0.05857209861278534,0.02570846676826477
selected256,lead:64,h1,totalCd,1,0.0133744478225708,0.029834389686584473,0.016459941864013672
six,matched_start_acquisition_train_b00_zero,h1,frontCd,100,0.0002129716870075263,0.0003218509088591249,0.00010887922185159857
six,matched_start_acquisition_train_b00_zero,h1,frontCl,100,0.0015140795545973073,0.008925831459365268,0.007411751904767961
six,matched_start_acquisition_train_b00_zero,h1,rearCd,100,0.003619744086489693,0.0047220838893434,0.0011023398028537075
six,matched_start_acquisition_train_b00_zero,h1,rearCl,100,0.03497221165198664,0.019290190194847238,-0.015682021457139404
six,matched_start_acquisition_train_b00_zero,h1,totalCd,100,0.0036374766949038143,0.004748801368815605,0.0011113246739117909
six_quarter,matched_start_acquisition_train_b00_zero:lead1-25,h1,frontCd,25,0.00017297121796462991,0.00025844740416826784,8.547618620363792e-05
six_quarter,matched_start_acquisition_train_b00_zero:lead1-25,h1,frontCl,25,0.0019713341727859656,0.006859718667784866,0.0048883844949989
six_quarter,matched_start_acquisition_train_b00_zero:lead1-25,h1,rearCd,25,0.0036962494570992434,0.005831719951985459,0.0021354704948862158
six_quarter,matched_start_acquisition_train_b00_zero:lead1-25,h1,rearCl,25,0.037305442043332124,0.027473425347445114,-0.00983201669588701
six_quarter,matched_start_acquisition_train_b00_zero:lead1-25,h1,totalCd,25,0.003703048138445993,0.005743878582601032,0.0020408304441550387
six_quarter,matched_start_acquisition_train_b00_zero:lead26-50,h1,frontCd,25,0.00023809383234534354,0.0003374600675115183,9.936623516617474e-05
six_quarter,matched_start_acquisition_train_b00_zero:lead26-50,h1,frontCl,25,0.000918546159646283,0.010667213303155036,0.009748667143508753
six_quarter,matched_start_acquisition_train_b00_zero:lead26-50,h1,rearCd,25,0.004011078924208758,0.004567697638083354,0.0005566187138745966
six_quarter,matched_start_acquisition_train_b00_zero:lead26-50,h1,rearCl,25,0.02773479500655071,0.010789245389447899,-0.01694554961710281
six_quarter,matched_start_acquisition_train_b00_zero:lead26-50,h1,totalCd,25,0.004106649078537058,0.004676758648086091,0.000570109569549033
six_quarter,matched_start_acquisition_train_b00_zero:lead51-75,h1,frontCd,25,0.00019376145338079214,0.00033306755344086056,0.00013930610006006842
six_quarter,matched_start_acquisition_train_b00_zero:lead51-75,h1,frontCl,25,0.002052740754108182,0.010052708001590518,0.007999967247482337
six_quarter,matched_start_acquisition_train_b00_zero:lead51-75,h1,rearCd,25,0.0027940120984825513,0.0022220224651509244,-0.0005719896333316269
six_quarter,matched_start_acquisition_train_b00_zero:lead51-75,h1,rearCl,25,0.03876653497040802,0.01875645477761573,-0.020010080192792292
six_quarter,matched_start_acquisition_train_b00_zero:lead51-75,h1,totalCd,25,0.002804967959549983,0.0022155289267925342,-0.0005894390327574489
six_quarter,matched_start_acquisition_train_b00_zero:lead76-100,h1,frontCd,25,0.0002470602443393397,0.0003584286103158528,0.00011136836597651313
six_quarter,matched_start_acquisition_train_b00_zero:lead76-100,h1,frontCl,25,0.0011136971318487987,0.00812368586493065,0.007009988733081851
six_quarter,matched_start_acquisition_train_b00_zero:lead76-100,h1,rearCd,25,0.003977635866168219,0.006266895502153863,0.0022892596359856444
six_quarter,matched_start_acquisition_train_b00_zero:lead76-100,h1,rearCl,25,0.036082074587655694,0.02014163526488021,-0.015940439322775484
six_quarter,matched_start_acquisition_train_b00_zero:lead76-100,h1,totalCd,25,0.0039352416030822256,0.006359039317782762,0.0024237977147005367
six_overlap,matched_start_acquisition_train_b00_zero:selected_overlap,h1,frontCd,1,0.000169158778413947,0.00015361063656071927,-1.5548141853227726e-05
six_overlap,matched_start_acquisition_train_b00_zero:selected_overlap,h1,frontCl,1,0.0032525704722274895,0.008789923652642528,0.005537353180415039
six_overlap,matched_start_acquisition_train_b00_zero:selected_overlap,h1,rearCd,1,0.002264878155302519,7.669425075018665e-05,-0.002188183904552332
six_overlap,matched_start_acquisition_train_b00_zero:selected_overlap,h1,rearCl,1,0.03260721052288318,0.02051376133647409,-0.012093449186409089
six_overlap,matched_start_acquisition_train_b00_zero:selected_overlap,h1,totalCd,1,0.002434036933716466,7.691638581053262e-05,-0.002357120547905933
six_overlap,matched_start_acquisition_train_b00_zero:not_selected,h1,frontCd,99,0.0002134142416397847,0.0003235503055490078,0.00011013606390922309
six_overlap,matched_start_acquisition_train_b00_zero:not_selected,h1,frontCl,99,0.0014965190402778106,0.00892720426549378,0.00743068522521597
six_overlap,matched_start_acquisition_train_b00_zero:not_selected,h1,rearCd,99,0.003633429600946129,0.004769007017005958,0.001135577416059829
six_overlap,matched_start_acquisition_train_b00_zero:not_selected,h1,rearCl,99,0.03499610055228062,0.01927783089038636,-0.015718269661894258
six_overlap,matched_start_acquisition_train_b00_zero:not_selected,h1,totalCd,99,0.003649632652087525,0.004795992126219697,0.001146359474132172
six,matched_start_acquisition_train_b00_zero,ar,frontCd,100,0.0002516670753141384,0.0003229007941311502,7.12337188170118e-05
six,matched_start_acquisition_train_b00_zero,ar,frontCl,100,0.0021363094650666257,0.0070127575605463,0.004876448095479675
six,matched_start_acquisition_train_b00_zero,ar,rearCd,100,0.004879672568420629,0.006632644382500499,0.0017529718140798702
six,matched_start_acquisition_train_b00_zero,ar,rearCl,100,0.03271984956819575,0.030531334444175853,-0.002188515124019897
six,matched_start_acquisition_train_b00_zero,ar,totalCd,100,0.0048392730704663765,0.006436139968700765,0.0015968668982343885
six_quarter,matched_start_acquisition_train_b00_zero:lead1-25,ar,frontCd,25,0.00022786854656311792,0.00026148550853532225,3.3616961972204325e-05
six_quarter,matched_start_acquisition_train_b00_zero:lead1-25,ar,frontCl,25,0.0019102548216671522,0.006058764158505667,0.004148509336838515
six_quarter,matched_start_acquisition_train_b00_zero:lead1-25,ar,rearCd,25,0.0036836842122975667,0.006920523118612331,0.0032368389063147647
six_quarter,matched_start_acquisition_train_b00_zero:lead1-25,ar,rearCl,25,0.03913296516434389,0.026711992445028053,-0.012420972719315838
six_quarter,matched_start_acquisition_train_b00_zero:lead1-25,ar,totalCd,25,0.003775349505586615,0.006754425575751943,0.002979076070165328
six_quarter,matched_start_acquisition_train_b00_zero:lead26-50,ar,frontCd,25,0.0001745038788722067,0.0003761287117598686,0.00020162483288766188
six_quarter,matched_start_acquisition_train_b00_zero:lead26-50,ar,frontCl,25,0.0020639714314928527,0.008600251632038935,0.006536280200546082
six_quarter,matched_start_acquisition_train_b00_zero:lead26-50,ar,rearCd,25,0.004394262220240688,0.007186385715712942,0.002792123495472254
six_quarter,matched_start_acquisition_train_b00_zero:lead26-50,ar,rearCl,25,0.037562718376020994,0.03675147503276122,-0.000811243343259771
six_quarter,matched_start_acquisition_train_b00_zero:lead26-50,ar,totalCd,25,0.004340919098430779,0.006848748999006362,0.0025078299005755833
six_quarter,matched_start_acquisition_train_b00_zero:lead51-75,ar,frontCd,25,0.00022237431957476016,0.0003518398513578011,0.00012946553178304094
six_quarter,matched_start_acquisition_train_b00_zero:lead51-75,ar,frontCl,25,0.0013136172820188818,0.007552604574130708,0.006238987292111827
six_quarter,matched_start_acquisition_train_b00_zero:lead51-75,ar,rearCd,25,0.005358903197987946,0.0055769889967974325,0.00021808579880948625
six_quarter,matched_start_acquisition_train_b00_zero:lead51-75,ar,rearCl,25,0.03779368306473485,0.03249408868981199,-0.005299594374922861
six_quarter,matched_start_acquisition_train_b00_zero:lead51-75,ar,totalCd,25,0.005353974531774366,0.0053037802983324925,-5.0194233441873404e-05
six_quarter,matched_start_acquisition_train_b00_zero:lead76-100,ar,frontCd,25,0.0003819215562464688,0.00030214910487160894,-7.977245137485989e-05
six_quarter,matched_start_acquisition_train_b00_zero:lead76-100,ar,frontCl,25,0.003257394325087617,0.005839409877509891,0.0025820155524222746
six_quarter,matched_start_acquisition_train_b00_zero:lead76-100,ar,rearCd,25,0.006081840643156314,0.00684667969887929,0.0007648390557229764
six_quarter,matched_start_acquisition_train_b00_zero:lead76-100,ar,rearCl,25,0.01639003166768326,0.026167781609102148,0.00977774994141889
six_quarter,matched_start_acquisition_train_b00_zero:lead76-100,ar,totalCd,25,0.005886849146073747,0.006837605001712263,0.0009507558556385159
six_overlap,matched_start_acquisition_train_b00_zero:selected_overlap,ar,frontCd,1,0.0001865376140536279,0.000214366103277297,2.7828489223669095e-05
six_overlap,matched_start_acquisition_train_b00_zero:selected_overlap,ar,frontCl,1,0.002011173991348869,0.003266897449215378,0.0012557234578665089
six_overlap,matched_start_acquisition_train_b00_zero:selected_overlap,ar,rearCd,1,0.0003505941913450883,0.0006304913615995389,0.0002798971702544506
six_overlap,matched_start_acquisition_train_b00_zero:selected_overlap,ar,rearCl,1,0.0519551434749701,0.048590464563346814,-0.0033646789116232867
six_overlap,matched_start_acquisition_train_b00_zero:selected_overlap,ar,totalCd,1,0.0005371318053987162,0.0008448574648768359,0.0003077256594781197
six_overlap,matched_start_acquisition_train_b00_zero:not_selected,ar,frontCd,99,0.00025232494866020416,0.000323997104139775,7.167215547957084e-05
six_overlap,matched_start_acquisition_train_b00_zero:not_selected,ar,frontCl,99,0.0021375734597506436,0.007050594531367824,0.004913021071617181
six_overlap,matched_start_acquisition_train_b00_zero:not_selected,ar,rearCd,99,0.0049254208348557356,0.006693272190792428,0.0017678513559366924
six_overlap,matched_start_acquisition_train_b00_zero:not_selected,ar,rearCl,99,0.032525553670147526,0.030348918988426652,-0.0021766346817208744
six_overlap,matched_start_acquisition_train_b00_zero:not_selected,ar,totalCd,99,0.0048827290428407975,0.0064926175697494915,0.001609888526908694
six,dynamic_train8_b00_prbs,h1,frontCd,100,0.0006136099372258165,0.0008313376097354333,0.0002177276725096168
six,dynamic_train8_b00_prbs,h1,frontCl,100,0.004221186464845559,0.00970241545810313,0.005481228993257572
six,dynamic_train8_b00_prbs,h1,rearCd,100,0.025914661957168038,0.025519672129778317,-0.0003949898273897211
six,dynamic_train8_b00_prbs,h1,rearCl,100,0.04495086991798635,0.04817099822699041,0.003220128309004061
six,dynamic_train8_b00_prbs,h1,totalCd,100,0.025513937502929452,0.025339246038600396,-0.0001746914643290555
six_quarter,dynamic_train8_b00_prbs:lead1-25,h1,frontCd,25,0.0004947424211860218,0.0008219675582142654,0.0003272251370282437
six_quarter,dynamic_train8_b00_prbs:lead1-25,h1,frontCl,25,0.0020596569874646066,0.014823934128348091,0.012764277140883485
six_quarter,dynamic_train8_b00_prbs:lead1-25,h1,rearCd,25,0.0065555070991632465,0.011748620100063466,0.005193113000900219
six_quarter,dynamic_train8_b00_prbs:lead1-25,h1,rearCl,25,0.0353288615491622,0.03178231356205011,-0.0035465479871120906
six_quarter,dynamic_train8_b00_prbs:lead1-25,h1,totalCd,25,0.006369789131344501,0.012186262373453096,0.005816473242108595
six_quarter,dynamic_train8_b00_prbs:lead26-50,h1,frontCd,25,0.0002575076019636355,0.0003015409261042887,4.403332414065319e-05
six_quarter,dynamic_train8_b00_prbs:lead26-50,h1,frontCl,25,0.0047819498256960104,0.0036250989536794264,-0.001156850872016584
six_quarter,dynamic_train8_b00_prbs:lead26-50,h1,rearCd,25,0.020330881793938795,0.020237577810351667,-9.330398358712785e-05
six_quarter,dynamic_train8_b00_prbs:lead26-50,h1,rearCl,25,0.032476489575674276,0.04880575381110169,0.016329264235427417
six_quarter,dynamic_train8_b00_prbs:lead26-50,h1,totalCd,25,0.020098684997399023,0.02027383836643172,0.00017515336903269757
six_quarter,dynamic_train8_b00_prbs:lead51-75,h1,frontCd,25,0.0007070766510050516,0.0005486099321416607,-0.00015846671886339092
six_quarter,dynamic_train8_b00_prbs:lead51-75,h1,frontCl,25,0.0054229333882912555,0.008230015646987852,0.002807082258696597
six_quarter,dynamic_train8_b00_prbs:lead51-75,h1,rearCd,25,0.03480572026399969,0.026954673807733733,-0.007851046456265956
six_quarter,dynamic_train8_b00_prbs:lead51-75,h1,rearCl,25,0.06705149378166514,0.057495150980577385,-0.009556342801087754
six_quarter,dynamic_train8_b00_prbs:lead51-75,h1,totalCd,25,0.03419917059244957,0.026532323048036,-0.007666847544413571
six_quarter,dynamic_train8_b00_prbs:lead76-100,h1,frontCd,25,0.0009951130747485571,0.0016532320224815183,0.0006581189477329612
six_quarter,dynamic_train8_b00_prbs:lead76-100,h1,frontCl,25,0.004620205657930363,0.012130613103397154,0.007510407445466791
six_quarter,dynamic_train8_b00_prbs:lead76-100,h1,rearCd,25,0.04196653867157043,0.043137816800964394,0.0011712781293939656
six_quarter,dynamic_train8_b00_prbs:lead76-100,h1,rearCl,25,0.044946634765443784,0.054600774554232456,0.009654139788788672
six_quarter,dynamic_train8_b00_prbs:lead76-100,h1,totalCd,25,0.0413881052905247,0.04236456036648077,0.0009764550759560689
six_overlap,dynamic_train8_b00_prbs:selected_overlap,h1,frontCd,2,0.0009561575767584041,0.0009915929509548976,3.543537419649356e-05
six_overlap,dynamic_train8_b00_prbs:selected_overlap,h1,frontCl,2,0.003664684231804216,0.016893780475433218,0.013229096243629002
six_overlap,dynamic_train8_b00_prbs:selected_overlap,h1,rearCd,2,0.02207588669512789,0.014964937512474338,-0.00711094918265355
six_overlap,dynamic_train8_b00_prbs:selected_overlap,h1,rearCl,2,0.04806274653583387,0.04162023342199461,-0.006442513113839254
six_overlap,dynamic_train8_b00_prbs:selected_overlap,h1,totalCd,2,0.021119729118369485,0.015238451151437626,-0.005881277966931858
six_overlap,dynamic_train8_b00_prbs:not_selected,h1,frontCd,98,0.0006066191690720902,0.0008280670925676891,0.00022144792349559894
six_overlap,dynamic_train8_b00_prbs:not_selected,h1,frontCl,98,0.004232543653274974,0.009555652906729047,0.005323109253454073
six_overlap,dynamic_train8_b00_prbs:not_selected,h1,rearCd,98,0.025993004309454573,0.025735074877070233,-0.00025792943238434063
six_overlap,dynamic_train8_b00_prbs:not_selected,h1,rearCl,98,0.044887362231907826,0.048304687304643386,0.0034173250727355595
six_overlap,dynamic_train8_b00_prbs:not_selected,h1,totalCd,98,0.025603615225063332,0.025545384709766982,-5.823051529635012e-05
six,dynamic_train8_b00_prbs,ar,frontCd,100,0.0017212421176560255,0.0019166670838045802,0.00019542496614855464
six,dynamic_train8_b00_prbs,ar,frontCl,100,0.01710174869248431,0.024640561407839722,0.007538812715355413
six,dynamic_train8_b00_prbs,ar,rearCd,100,0.02547437805548702,0.02385596034449509,-0.001618417710991929
six,dynamic_train8_b00_prbs,ar,rearCl,100,0.1053412831604556,0.12267746052350356,0.01733617736304796
six,dynamic_train8_b00_prbs,ar,totalCd,100,0.025894609594847896,0.02409113389472435,-0.0018034757001235448
six_quarter,dynamic_train8_b00_prbs:lead1-25,ar,frontCd,25,0.0008478878042721896,0.000921754521920099,7.386671764790943e-05
six_quarter,dynamic_train8_b00_prbs:lead1-25,ar,frontCl,25,0.0016788711448610628,0.00988261131282652,0.008203740167965457
six_quarter,dynamic_train8_b00_prbs:lead1-25,ar,rearCd,25,0.026261433972127053,0.028479772264841302,0.002218338292714249
six_quarter,dynamic_train8_b00_prbs:lead1-25,ar,rearCl,25,0.048218202550232014,0.1107053168687845,0.062487114318552486
six_quarter,dynamic_train8_b00_prbs:lead1-25,ar,totalCd,25,0.027082437619041423,0.02904679168467677,0.001964354065635346
six_quarter,dynamic_train8_b00_prbs:lead26-50,ar,frontCd,25,0.0023560387476433955,0.0025304324781530597,0.00017439373050966416
six_quarter,dynamic_train8_b00_prbs:lead26-50,ar,frontCl,25,0.013395260410292592,0.022259248630760738,0.008863988220468145
six_quarter,dynamic_train8_b00_prbs:lead26-50,ar,rearCd,25,0.023053612127267753,0.02090844074495738,-0.002145171382310372
six_quarter,dynamic_train8_b00_prbs:lead26-50,ar,rearCl,25,0.16780282903740562,0.14448019510819315,-0.023322633929212466
six_quarter,dynamic_train8_b00_prbs:lead26-50,ar,totalCd,25,0.025250074150646014,0.02313180918071016,-0.0021182649699358555
six_quarter,dynamic_train8_b00_prbs:lead51-75,ar,frontCd,25,0.0016446122438372479,0.0017641375350560607,0.00011952529121881284
six_quarter,dynamic_train8_b00_prbs:lead51-75,ar,frontCl,25,0.02874751560091923,0.033493024025088865,0.004745508424169636
six_quarter,dynamic_train8_b00_prbs:lead51-75,ar,rearCd,25,0.019837596546129373,0.012264379813682207,-0.007573216732447166
six_quarter,dynamic_train8_b00_prbs:lead51-75,ar,rearCl,25,0.1267165252126927,0.14962347122221725,0.02290694600952456
six_quarter,dynamic_train8_b00_prbs:lead51-75,ar,totalCd,25,0.020508157706011464,0.0128650299591001,-0.007643127746911364
six_quarter,dynamic_train8_b00_prbs:lead76-100,ar,frontCd,25,0.00203642967487127,0.002450343800089102,0.0004139141252178318
six_quarter,dynamic_train8_b00_prbs:lead76-100,ar,frontCl,25,0.02458534761386435,0.03292736166268277,0.008342014048818423
six_quarter,dynamic_train8_b00_prbs:lead76-100,ar,rearCd,25,0.032744869576423884,0.033771248554499464,0.0010263789780755803
six_quarter,dynamic_train8_b00_prbs:lead76-100,ar,rearCl,25,0.07862757584149208,0.08590085889481934,0.007273283053327265
six_quarter,dynamic_train8_b00_prbs:lead76-100,ar,totalCd,25,0.03073776890369269,0.031320904754410364,0.0005831358507176754
six_overlap,dynamic_train8_b00_prbs:selected_overlap,ar,frontCd,2,0.002073492890563619,0.002032722598915279,-4.0770291648339896e-05
six_overlap,dynamic_train8_b00_prbs:selected_overlap,ar,frontCl,2,0.021600480548421785,0.02811651664820225,0.0065160360997804645
six_overlap,dynamic_train8_b00_prbs:selected_overlap,ar,rearCd,2,0.01311065471882561,0.00905914275425801,-0.0040515119645676
six_overlap,dynamic_train8_b00_prbs:selected_overlap,ar,rearCl,2,0.0834905649354738,0.1577057727140101,0.0742152077785363
six_overlap,dynamic_train8_b00_prbs:selected_overlap,ar,totalCd,2,0.015184147609389229,0.011091865353173289,-0.00409228225621594
six_overlap,dynamic_train8_b00_prbs:not_selected,ar,frontCd,98,0.0017140533263721974,0.001914298603904362,0.00020024527753216472
six_overlap,dynamic_train8_b00_prbs:not_selected,ar,frontCl,98,0.017009937838281503,0.024569623545791508,0.0075596857075100055
six_overlap,dynamic_train8_b00_prbs:not_selected,ar,rearCd,98,0.025726698939908678,0.0241579362136836,-0.001568762726225078
six_overlap,dynamic_train8_b00_prbs:not_selected,ar,rearCl,98,0.10578721618545524,0.12196259700941159,0.01617538082395635
six_overlap,dynamic_train8_b00_prbs:not_selected,ar,totalCd,98,0.026113190451693993,0.024356425089449883,-0.0017567653622441101
six,dynamic_train8_b02_prbs,h1,frontCd,100,0.0008377530826731766,0.0013257188706583597,0.0004879657879851831
six,dynamic_train8_b02_prbs,h1,frontCl,100,0.005384675837532587,0.006521104152226998,0.0011364283146944112
six,dynamic_train8_b02_prbs,h1,rearCd,100,0.029446904112285805,0.028992087425957953,-0.00045481668632785244
six,dynamic_train8_b02_prbs,h1,rearCl,100,0.042728433608343525,0.03535816181526962,-0.007370271793073903
six,dynamic_train8_b02_prbs,h1,totalCd,100,0.0290866504035432,0.02823966985711923,-0.0008469805464239692
six_quarter,dynamic_train8_b02_prbs:lead1-25,h1,frontCd,25,0.00039953265584558446,0.0007464462087931429,0.00034691355294755847
six_quarter,dynamic_train8_b02_prbs:lead1-25,h1,frontCl,25,0.0019713186534559223,0.00999161543854394,0.008020296785088017
six_quarter,dynamic_train8_b02_prbs:lead1-25,h1,rearCd,25,0.02712284822954752,0.027678131567842542,0.0005552833382950206
six_quarter,dynamic_train8_b02_prbs:lead1-25,h1,rearCl,25,0.023884767794614063,0.036592943499288315,0.012708175704674252
six_quarter,dynamic_train8_b02_prbs:lead1-25,h1,totalCd,25,0.02681500308404539,0.027193993773248985,0.00037899068920359616
six_quarter,dynamic_train8_b02_prbs:lead26-50,h1,frontCd,25,0.0008509845406469435,0.00135840351334028,0.0005074189726933365
six_quarter,dynamic_train8_b02_prbs:lead26-50,h1,frontCl,25,0.0029172774197904518,0.007826738980456938,0.004909461560666486
six_quarter,dynamic_train8_b02_prbs:lead26-50,h1,rearCd,25,0.025811843934509103,0.023680635950763803,-0.0021312079837453
six_quarter,dynamic_train8_b02_prbs:lead26-50,h1,rearCl,25,0.07565505576901117,0.03015819567257676,-0.045496860096434416
six_quarter,dynamic_train8_b02_prbs:lead26-50,h1,totalCd,25,0.025591587327978213,0.023241726347029642,-0.002349860980948571
six_quarter,dynamic_train8_b02_prbs:lead51-75,h1,frontCd,25,0.0004249044461802893,0.0007205306042903062,0.0002956261581100169
six_quarter,dynamic_train8_b02_prbs:lead51-75,h1,frontCl,25,0.004517694001478009,0.005315405303126078,0.0007977113016480689
six_quarter,dynamic_train8_b02_prbs:lead51-75,h1,rearCd,25,0.026331427955500242,0.017226203038378785,-0.009105224917121457
six_quarter,dynamic_train8_b02_prbs:lead51-75,h1,rearCl,25,0.029345674107361077,0.023184317815349572,-0.006161356292011505
six_quarter,dynamic_train8_b02_prbs:lead51-75,h1,totalCd,25,0.02621642606855419,0.016706555974175384,-0.009509870094378807
six_quarter,dynamic_train8_b02_prbs:lead76-100,h1,frontCd,25,0.0016755906880198893,0.00247749515620971,0.0008019044681898204
six_quarter,dynamic_train8_b02_prbs:lead76-100,h1,frontCl,25,0.012132413275405964,0.00295065688678104,-0.009181756388624923
six_quarter,dynamic_train8_b02_prbs:lead76-100,h1,rearCd,25,0.038521496329586354,0.04738337914684668,0.008861882817260323
six_quarter,dynamic_train8_b02_prbs:lead76-100,h1,rearCl,25,0.04202823676238779,0.05149719027386382,0.00946895351147603
six_quarter,dynamic_train8_b02_prbs:lead76-100,h1,totalCd,25,0.037723585133595,0.04581640333402293,0.008092818200427933
six_overlap,dynamic_train8_b02_prbs:selected_overlap,h1,frontCd,3,0.0006629922741557363,0.0008484201237416583,0.00018542784958592207
six_overlap,dynamic_train8_b02_prbs:selected_overlap,h1,frontCl,3,0.002903478857445426,0.004831071007896999,0.0019275921504515732
six_overlap,dynamic_train8_b02_prbs:selected_overlap,h1,rearCd,3,0.0073372618782274746,0.013075326756444294,0.00573806487821682
six_overlap,dynamic_train8_b02_prbs:selected_overlap,h1,rearCl,3,0.07668735809999798,0.03955062819588425,-0.03713672990411373
six_overlap,dynamic_train8_b02_prbs:selected_overlap,h1,totalCd,3,0.00777552079901353,0.013594724214498888,0.005819203415485358
six_overlap,dynamic_train8_b02_prbs:not_selected,h1,frontCd,97,0.0008431580561324789,0.001340480687573309,0.0004973226314408302
six_overlap,dynamic_train8_b02_prbs:not_selected,h1,frontCl,97,0.005461413888463117,0.006573373218546483,0.001111959330083366
six_overlap,dynamic_train8_b02_prbs:not_selected,h1,rearCd,97,0.030130707480349468,0.029484358374499618,-0.0006463491058498506
six_overlap,dynamic_train8_b02_prbs:not_selected,h1,rearCl,97,0.04167815759313772,0.035228497906590814,-0.006449659686546906
six_overlap,dynamic_train8_b02_prbs:not_selected,h1,totalCd,97,0.029745757504714216,0.028692606320293062,-0.0010531511844211541
six,dynamic_train8_b02_prbs,ar,frontCd,100,0.0023813657204500975,0.002162150758269918,-0.0002192149621801794
six,dynamic_train8_b02_prbs,ar,frontCl,100,0.03260365402584117,0.02571906804008627,-0.006884585985754903
six,dynamic_train8_b02_prbs,ar,rearCd,100,0.030723197283998065,0.03007998090765045,-0.0006432163763476148
six,dynamic_train8_b02_prbs,ar,rearCl,100,0.09650281241431195,0.13510842387325753,0.038605611458945574
six,dynamic_train8_b02_prbs,ar,totalCd,100,0.0312360869734065,0.030602452371529146,-0.0006336346018773545
six_quarter,dynamic_train8_b02_prbs:lead1-25,ar,frontCd,25,0.0014876498622120144,0.0011924939982297488,-0.0002951558639822656
six_quarter,dynamic_train8_b02_prbs:lead1-25,ar,frontCl,25,0.015274703277075167,0.007514945959339108,-0.00775975731773606
six_quarter,dynamic_train8_b02_prbs:lead1-25,ar,rearCd,25,0.020016015531444564,0.018715855763783006,-0.001300159767661558
six_quarter,dynamic_train8_b02_prbs:lead1-25,ar,rearCl,25,0.023872820950710364,0.02293860375452958,-0.0009342171961807845
six_quarter,dynamic_train8_b02_prbs:lead1-25,ar,totalCd,25,0.020573350193175025,0.019166455343497223,-0.0014068948496778026
six_quarter,dynamic_train8_b02_prbs:lead26-50,ar,frontCd,25,0.00228806974532617,0.0022113873185920425,-7.668242673412743e-05
six_quarter,dynamic_train8_b02_prbs:lead26-50,ar,frontCl,25,0.02392831240234898,0.018018508793927593,-0.005909803608421388
six_quarter,dynamic_train8_b02_prbs:lead26-50,ar,rearCd,25,0.028076278221126846,0.026026078298826926,-0.0020501999222999195
six_quarter,dynamic_train8_b02_prbs:lead26-50,ar,rearCl,25,0.14641461521938787,0.21351149040710687,0.06709687518771901
six_quarter,dynamic_train8_b02_prbs:lead26-50,ar,totalCd,25,0.027280168432141424,0.02582773348294644,-0.0014524349491949855
six_quarter,dynamic_train8_b02_prbs:lead51-75,ar,frontCd,25,0.0022474590418575975,0.0020003635320633008,-0.00024709550979429675
six_quarter,dynamic_train8_b02_prbs:lead51-75,ar,frontCl,25,0.04326284778108029,0.03585913219828149,-0.0074037155827988005
six_quarter,dynamic_train8_b02_prbs:lead51-75,ar,rearCd,25,0.03558805153597619,0.03263966155961042,-0.0029483899763657687
six_quarter,dynamic_train8_b02_prbs:lead51-75,ar,rearCl,25,0.10923268062207946,0.14177052561401524,0.03253784499193578
six_quarter,dynamic_train8_b02_prbs:lead51-75,ar,totalCd,25,0.0377735142904583,0.03459385895460615,-0.003179655335852148
six_quarter,dynamic_train8_b02_prbs:lead76-100,ar,frontCd,25,0.0035022842324046078,0.0032443581841945794,-0.0002579260482100283
six_quarter,dynamic_train8_b02_prbs:lead76-100,ar,frontCl,25,0.04794875264286026,0.04148368520879688,-0.00646506743406338
six_quarter,dynamic_train8_b02_prbs:lead76-100,ar,rearCd,25,0.039212443847444656,0.042938328008381446,0.0037258841609367904
six_quarter,dynamic_train8_b02_prbs:lead76-100,ar,rearCl,25,0.1064911328650701,0.1622130757173784,0.05572194285230829
six_quarter,dynamic_train8_b02_prbs:lead76-100,ar,totalCd,25,0.039317314977851264,0.042821761705066796,0.003504446727215532
six_overlap,dynamic_train8_b02_prbs:selected_overlap,ar,frontCd,3,0.0024064199531375896,0.0021499936499932517,-0.0002564263031443379
six_overlap,dynamic_train8_b02_prbs:selected_overlap,ar,frontCl,3,0.024975169212555198,0.020074974523010287,-0.004900194689544911
six_overlap,dynamic_train8_b02_prbs:selected_overlap,ar,rearCd,3,0.027891356034774883,0.028478634843660533,0.0005872788088856495
six_overlap,dynamic_train8_b02_prbs:selected_overlap,ar,rearCl,3,0.13985669390095978,0.1943862940554594,0.05452960015449962
six_overlap,dynamic_train8_b02_prbs:selected_overlap,ar,totalCd,3,0.02739962919340691,0.030628628493653786,0.0032289993002468757
six_overlap,dynamic_train8_b02_prbs:not_selected,ar,frontCd,97,0.0023805908472741954,0.0021625267513094024,-0.000218064095964793
six_overlap,dynamic_train8_b02_prbs:not_selected,ar,frontCl,97,0.03283958654583971,0.0258936276333979,-0.006945958912441812
six_overlap,dynamic_train8_b02_prbs:not_selected,ar,rearCd,97,0.030810780003046205,0.03012950707457798,-0.000681272928468226
six_overlap,dynamic_train8_b02_prbs:not_selected,ar,rearCl,97,0.09516197071884862,0.1332750876820554,0.03811311696320678
six_overlap,dynamic_train8_b02_prbs:not_selected,ar,totalCd,97,0.03135474030680855,0.030601642800741787,-0.0007530975060667626
six,dynamic_train8_b04_prbs,h1,frontCd,100,0.00038864051359122466,0.0006571206675051944,0.00026848015391396976
six,dynamic_train8_b04_prbs,h1,frontCl,100,0.0031228630536579626,0.011540999012250504,0.008418135958592542
six,dynamic_train8_b04_prbs,h1,rearCd,100,0.017858384404983524,0.02072702878581485,0.002868644380831325
six,dynamic_train8_b04_prbs,h1,rearCl,100,0.04796427442968633,0.04942135796041656,0.0014570835307302285
six,dynamic_train8_b04_prbs,h1,totalCd,100,0.017700059052984534,0.0207551987195592,0.0030551396665746654
six_quarter,dynamic_train8_b04_prbs:lead1-25,h1,frontCd,25,0.00024209342241135711,0.00041257627106154403,0.00017048284865018692
six_quarter,dynamic_train8_b04_prbs:lead1-25,h1,frontCl,25,0.0007562577611859478,0.014191400413447797,0.01343514265226185
six_quarter,dynamic_train8_b04_prbs:lead1-25,h1,rearCd,25,0.014458901639996058,0.01699324439343657,0.0025343427534405116
six_quarter,dynamic_train8_b04_prbs:lead1-25,h1,rearCl,25,0.02913443327719591,0.018306667597489223,-0.010827765679706686
six_quarter,dynamic_train8_b04_prbs:lead1-25,h1,totalCd,25,0.01451421849653843,0.017009835378745633,0.0024956168822072022
six_quarter,dynamic_train8_b04_prbs:lead26-50,h1,frontCd,25,0.00041029863861687056,0.0007173944721627357,0.0003070958335458651
six_quarter,dynamic_train8_b04_prbs:lead26-50,h1,frontCl,25,0.002493714915744718,0.008037397054641938,0.00554368213889722
six_quarter,dynamic_train8_b04_prbs:lead26-50,h1,rearCd,25,0.013432848088153704,0.012335842916383132,-0.0010970051717705716
six_quarter,dynamic_train8_b04_prbs:lead26-50,h1,rearCl,25,0.08851367074624669,0.04977435568297178,-0.03873931506327491
six_quarter,dynamic_train8_b04_prbs:lead26-50,h1,totalCd,25,0.01312929118673972,0.01196365504632714,-0.0011656361404125803
six_quarter,dynamic_train8_b04_prbs:lead51-75,h1,frontCd,25,0.0005492415306089382,0.0003727511212046508,-0.0001764904094042874
six_quarter,dynamic_train8_b04_prbs:lead51-75,h1,frontCl,25,0.005519523262238693,0.008638037831828456,0.0031185145695897636
six_quarter,dynamic_train8_b04_prbs:lead51-75,h1,rearCd,25,0.031666490932701644,0.031128443125121086,-0.0005380478075805578
six_quarter,dynamic_train8_b04_prbs:lead51-75,h1,rearCl,25,0.03733535235848012,0.06036375683986183,0.023028404481381708
six_quarter,dynamic_train8_b04_prbs:lead51-75,h1,totalCd,25,0.03120535949138914,0.030819505883310203,-0.0003858536080789364
six_quarter,dynamic_train8_b04_prbs:lead76-100,h1,frontCd,25,0.0003529284627277328,0.0011257608055918473,0.0007728323428641145
six_quarter,dynamic_train8_b04_prbs:lead76-100,h1,frontCl,25,0.0037219562754624924,0.015297160749083822,0.011575204473621328
six_quarter,dynamic_train8_b04_prbs:lead76-100,h1,rearCd,25,0.011875296959082697,0.022450584708318608,0.01057528774923591
six_quarter,dynamic_train8_b04_prbs:lead76-100,h1,rearCl,25,0.03687364133682259,0.06924065172134342,0.032367010384520827
six_quarter,dynamic_train8_b04_prbs:lead76-100,h1,totalCd,25,0.011951367037270857,0.023227798569853825,0.011276431532582967
six_overlap,dynamic_train8_b04_prbs:selected_overlap,h1,frontCd,5,0.0006131896689790028,0.0010157460521107108,0.000402556383131708
six_overlap,dynamic_train8_b04_prbs:selected_overlap,h1,frontCl,5,0.0029175946934600462,0.011512056776470558,0.008594462083010512
six_overlap,dynamic_train8_b04_prbs:selected_overlap,h1,rearCd,5,0.026632560958866236,0.027374696022245182,0.0007421350633789459
six_overlap,dynamic_train8_b04_prbs:selected_overlap,h1,rearCl,5,0.035062471631155744,0.05514160891344773,0.020079137282291985
six_overlap,dynamic_train8_b04_prbs:selected_overlap,h1,totalCd,5,0.026376282961760228,0.027631225542342885,0.0012549425805826568
six_overlap,dynamic_train8_b04_prbs:not_selected,h1,frontCd,95,0.0003768221369918679,0.0006382456472627989,0.00026142351027093097
six_overlap,dynamic_train8_b04_prbs:not_selected,h1,frontCl,95,0.003133666651563116,0.01154252228781787,0.008408855636254754
six_overlap,dynamic_train8_b04_prbs:not_selected,h1,rearCd,95,0.017396585638989697,0.020377151562844833,0.0029805659238551357
six_overlap,dynamic_train8_b04_prbs:not_selected,h1,rearCl,95,0.04864331668224057,0.049120292120783345,0.000476975438542776
six_overlap,dynamic_train8_b04_prbs:not_selected,h1,totalCd,95,0.017243415689364765,0.020393302570991634,0.0031498868816268698
six,dynamic_train8_b04_prbs,ar,frontCd,100,0.0006073871917969298,0.0007492424944229035,0.00014185530262597363
six,dynamic_train8_b04_prbs,ar,frontCl,100,0.003755675554289344,0.011484331502132747,0.007728655947843404
six,dynamic_train8_b04_prbs,ar,rearCd,100,0.0209080974595354,0.021216514925209384,0.0003084174656739838
six,dynamic_train8_b04_prbs,ar,rearCl,100,0.07378298561995787,0.07154265487001306,-0.0022403307499448133
six,dynamic_train8_b04_prbs,ar,totalCd,100,0.020826182446998954,0.021015298175572957,0.00018911572857400333
six_quarter,dynamic_train8_b04_prbs:lead1-25,ar,frontCd,25,0.00019014765932882032,0.0004841043518033606,0.0002939566924745403
six_quarter,dynamic_train8_b04_prbs:lead1-25,ar,frontCl,25,0.0031445048091823134,0.016063519802084557,0.012919014992902243
six_quarter,dynamic_train8_b04_prbs:lead1-25,ar,rearCd,25,0.00880881436366252,0.012194078468746183,0.003385264105083663
six_quarter,dynamic_train8_b04_prbs:lead1-25,ar,rearCl,25,0.038826853493076074,0.027782482891841057,-0.011044370601235018
six_quarter,dynamic_train8_b04_prbs:lead1-25,ar,totalCd,25,0.00871775249113636,0.011735259314519965,0.0030175068233836057
six_quarter,dynamic_train8_b04_prbs:lead26-50,ar,frontCd,25,0.0005888354132064913,0.0008579683519657926,0.00026913293875930136
six_quarter,dynamic_train8_b04_prbs:lead26-50,ar,frontCl,25,0.0066848152442745955,0.01360214059932428,0.006917325355049684
six_quarter,dynamic_train8_b04_prbs:lead26-50,ar,rearCd,25,0.013490389522776414,0.014638836130347832,0.0011484466075714177
six_quarter,dynamic_train8_b04_prbs:lead26-50,ar,rearCl,25,0.06537392462007902,0.03982322221870852,-0.025550702401370494
six_quarter,dynamic_train8_b04_prbs:lead26-50,ar,totalCd,25,0.013373355422229918,0.01456545744079882,0.001192102018568902
six_quarter,dynamic_train8_b04_prbs:lead51-75,ar,frontCd,25,0.0005150496661000344,0.0006964638863401803,0.00018141422024014597
six_quarter,dynamic_train8_b04_prbs:lead51-75,ar,frontCl,25,0.002624955178542621,0.007449833509148505,0.004824878330605884
six_quarter,dynamic_train8_b04_prbs:lead51-75,ar,rearCd,25,0.03294257820029652,0.031801966791884614,-0.0011406114084119082
six_quarter,dynamic_train8_b04_prbs:lead51-75,ar,rearCl,25,0.08407546559875297,0.0747961181555456,-0.009279347443207367
six_quarter,dynamic_train8_b04_prbs:lead51-75,ar,totalCd,25,0.0324869759927485,0.031250753697758614,-0.0012362222949898888
six_quarter,dynamic_train8_b04_prbs:lead76-100,ar,frontCd,25,0.0011355160285523736,0.0009584333875822799,-0.0001770826409700937
six_quarter,dynamic_train8_b04_prbs:lead76-100,ar,frontCl,25,0.0025684269851578454,0.008821832097973648,0.006253405112815803
six_quarter,dynamic_train8_b04_prbs:lead76-100,ar,rearCd,25,0.028390607751406158,0.026231178309858896,-0.0021594294415472615
six_quarter,dynamic_train8_b04_prbs:lead76-100,ar,rearCl,25,0.10685569876792343,0.14376879621395708,0.036913097446033646
six_quarter,dynamic_train8_b04_prbs:lead76-100,ar,totalCd,25,0.028726645881881053,0.02650972224921445,-0.0022169236326666023
six_overlap,dynamic_train8_b04_prbs:selected_overlap,ar,frontCd,5,0.0005763913875984572,0.0006146835005312268,3.829211293276957e-05
six_overlap,dynamic_train8_b04_prbs:selected_overlap,ar,frontCl,5,0.005150657858035856,0.011122629114987603,0.005971971256951747
six_overlap,dynamic_train8_b04_prbs:selected_overlap,ar,rearCd,5,0.02041691536945356,0.01666807091679745,-0.0037488444526561082
six_overlap,dynamic_train8_b04_prbs:selected_overlap,ar,rearCl,5,0.0708759961028406,0.08871996698352405,0.017843970880683457
six_overlap,dynamic_train8_b04_prbs:selected_overlap,ar,totalCd,5,0.02091124842877074,0.017249438462960905,-0.003661809965809837
six_overlap,dynamic_train8_b04_prbs:not_selected,ar,frontCd,95,0.000609018549912639,0.0007563245467329916,0.00014730599682035263
six_overlap,dynamic_train8_b04_prbs:not_selected,ar,frontCl,95,0.0036822554330395276,0.011503368469877229,0.0078211130368377
six_overlap,dynamic_train8_b04_prbs:not_selected,ar,rearCd,95,0.02093394914848708,0.0214559067151258,0.0005219575666387186
six_overlap,dynamic_train8_b04_prbs:not_selected,ar,rearCl,95,0.0739359850682272,0.07063858581140722,-0.0032973992568199745
six_overlap,dynamic_train8_b04_prbs:not_selected,ar,totalCd,95,0.0208217052900636,0.021213501318342015,0.00039179602827841414
six,dynamic_train8_b06_prbs,h1,frontCd,100,0.0003961611785487837,0.0005384585903645224,0.00014229741181573868
six,dynamic_train8_b06_prbs,h1,frontCl,100,0.0037446957014881034,0.011308928763211474,0.007564233061723371
six,dynamic_train8_b06_prbs,h1,rearCd,100,0.019724275760774273,0.02138570042563285,0.001661424664858576
six,dynamic_train8_b06_prbs,h1,rearCl,100,0.05531137533403619,0.041193317580824174,-0.014118057753212017
six,dynamic_train8_b06_prbs,h1,totalCd,100,0.019435486589676476,0.021372525285390284,0.001937038695713808
six_quarter,dynamic_train8_b06_prbs:lead1-25,h1,frontCd,25,0.0001662287397978495,0.00036289198898501146,0.00019666324918716195
six_quarter,dynamic_train8_b06_prbs:lead1-25,h1,frontCl,25,0.0036532509481017428,0.013102742238967053,0.00944949129086531
six_quarter,dynamic_train8_b06_prbs:lead1-25,h1,rearCd,25,0.012241193428388683,0.0177771981201005,0.005536004691711817
six_quarter,dynamic_train8_b06_prbs:lead1-25,h1,rearCl,25,0.052569525865947105,0.04186678231051081,-0.010702743555436295
six_quarter,dynamic_train8_b06_prbs:lead1-25,h1,totalCd,25,0.01215922223041109,0.01747672192897976,0.005317499698568668
six_quarter,dynamic_train8_b06_prbs:lead26-50,h1,frontCd,25,0.0005620228739987596,0.00045488867983570756,-0.000107134194163052
six_quarter,dynamic_train8_b06_prbs:lead26-50,h1,frontCl,25,0.00589726694134729,0.008178068876958875,0.0022808019356115854
six_quarter,dynamic_train8_b06_prbs:lead26-50,h1,rearCd,25,0.035697486434122745,0.03679869841025306,0.0011012119761303132
six_quarter,dynamic_train8_b06_prbs:lead26-50,h1,rearCl,25,0.07885143164455019,0.04975049144201329,-0.029100940202536903
six_quarter,dynamic_train8_b06_prbs:lead26-50,h1,totalCd,25,0.035189407509682115,0.0363908661167447,0.0012014586070625832
six_quarter,dynamic_train8_b06_prbs:lead51-75,h1,frontCd,25,0.00033569671732056565,0.0007302208069478778,0.0003945240896273122
six_quarter,dynamic_train8_b06_prbs:lead51-75,h1,frontCl,25,0.0006263965636247448,0.012635597426990301,0.012009200863365556
six_quarter,dynamic_train8_b06_prbs:lead51-75,h1,rearCd,25,0.015513252720360632,0.014843483344872043,-0.0006697693754885888
six_quarter,dynamic_train8_b06_prbs:lead51-75,h1,rearCl,25,0.03845447874331967,0.013282261741691172,-0.0251722170016285
six_quarter,dynamic_train8_b06_prbs:lead51-75,h1,totalCd,25,0.015267701214608107,0.015291934934235172,2.4233719627064776e-05
six_quarter,dynamic_train8_b06_prbs:lead76-100,h1,frontCd,25,0.0005206963830779602,0.0006058328856894929,8.513650261153278e-05
six_quarter,dynamic_train8_b06_prbs:lead76-100,h1,frontCl,25,0.004801868352878635,0.011319306509929667,0.006517438157051032
six_quarter,dynamic_train8_b06_prbs:lead76-100,h1,rearCd,25,0.015445170460225033,0.016123421827305803,0.0006782513670807698
six_quarter,dynamic_train8_b06_prbs:lead76-100,h1,rearCl,25,0.0513700650823278,0.05987373482908142,0.008503669746753623
six_quarter,dynamic_train8_b06_prbs:lead76-100,h1,totalCd,25,0.015125615404004599,0.016330578161601512,0.0012049627575969127
six_overlap,dynamic_train8_b06_prbs:selected_overlap,h1,frontCd,2,0.00035669373792124315,0.0008512920473965346,0.0004945983094752915
six_overlap,dynamic_train8_b06_prbs:selected_overlap,h1,frontCl,2,0.004696322619087923,0.015006379290348093,0.01031005667126017
six_overlap,dynamic_train8_b06_prbs:selected_overlap,h1,rearCd,2,0.02298667485334388,0.029744434576110812,0.006757759722766932
six_overlap,dynamic_train8_b06_prbs:selected_overlap,h1,rearCl,2,0.05956464759959346,0.016945375032548782,-0.042619272567044675
six_overlap,dynamic_train8_b06_prbs:selected_overlap,h1,totalCd,2,0.022629981115422637,0.030171597269478878,0.007541616154056241
six_overlap,dynamic_train8_b06_prbs:not_selected,h1,frontCd,98,0.0003969666365207743,0.000532074234098563,0.00013510759757778872
six_overlap,dynamic_train8_b06_prbs:not_selected,h1,frontCl,98,0.003725274743986066,0.011233470589188279,0.0075081958452022125
six_overlap,dynamic_train8_b06_prbs:not_selected,h1,rearCd,98,0.019657696187456525,0.021215114014398608,0.0015574178269420827
six_overlap,dynamic_train8_b06_prbs:not_selected,h1,rearCl,98,0.0552245738592289,0.04168817355119714,-0.013536400308031764
six_overlap,dynamic_train8_b06_prbs:not_selected,h1,totalCd,98,0.019370292823844924,0.021192952387755825,0.0018226595639109014
six,dynamic_train8_b06_prbs,ar,frontCd,100,0.0007437224414469719,0.0008813788994031735,0.0001376564579562016
six,dynamic_train8_b06_prbs,ar,frontCl,100,0.005045478884080348,0.012174414602831894,0.007128935718751546
six,dynamic_train8_b06_prbs,ar,rearCd,100,0.02527729528440509,0.023608654512211773,-0.0016686407721933187
six,dynamic_train8_b06_prbs,ar,rearCl,100,0.06880511784053277,0.07133665028995602,0.0025315324494232516
six,dynamic_train8_b06_prbs,ar,totalCd,100,0.024998934925527547,0.023176730722315745,-0.0018222042032118024
six_quarter,dynamic_train8_b06_prbs:lead1-25,ar,frontCd,25,0.0006324613464807383,0.0010200437720492683,0.00038758242556853
six_quarter,dynamic_train8_b06_prbs:lead1-25,ar,frontCl,25,0.0036116736673361062,0.013422410921849988,0.009810737254513882
six_quarter,dynamic_train8_b06_prbs:lead1-25,ar,rearCd,25,0.024320810259114655,0.019221436338545984,-0.005099373920568671
six_quarter,dynamic_train8_b06_prbs:lead1-25,ar,rearCl,25,0.04851833607935628,0.04768847641915872,-0.0008298596601975586
six_quarter,dynamic_train8_b06_prbs:lead1-25,ar,totalCd,25,0.023855987109743036,0.018345444624792782,-0.005510542484950254
six_quarter,dynamic_train8_b06_prbs:lead26-50,ar,frontCd,25,0.0007532657674099476,0.0008481855061198405,9.49197387098929e-05
six_quarter,dynamic_train8_b06_prbs:lead26-50,ar,frontCl,25,0.008981860542311324,0.013784662116428094,0.00480280157411677
six_quarter,dynamic_train8_b06_prbs:lead26-50,ar,rearCd,25,0.02431499432094621,0.025853630609971194,0.001538636289024984
six_quarter,dynamic_train8_b06_prbs:lead26-50,ar,rearCl,25,0.1148768599293382,0.1014371665660493,-0.013439693363288902
six_quarter,dynamic_train8_b06_prbs:lead26-50,ar,totalCd,25,0.024178106399941043,0.025367010007746188,0.0011889036078051446
six_quarter,dynamic_train8_b06_prbs:lead51-75,ar,frontCd,25,0.0010229356479279396,0.000963176908638843,-5.9758739289096554e-05
six_quarter,dynamic_train8_b06_prbs:lead51-75,ar,frontCl,25,0.005233333791715893,0.014496069002076234,0.009262735210360341
six_quarter,dynamic_train8_b06_prbs:lead51-75,ar,rearCd,25,0.032593481672513205,0.03333647073175929,0.0007429890592460867
six_quarter,dynamic_train8_b06_prbs:lead51-75,ar,rearCl,25,0.05903401652587547,0.055864466729689755,-0.0031695497961857153
six_quarter,dynamic_train8_b06_prbs:lead51-75,ar,totalCd,25,0.031571221449764604,0.03251498460835226,0.0009437631585876571
six_quarter,dynamic_train8_b06_prbs:lead76-100,ar,frontCd,25,0.0005662270039692619,0.0006941094108047416,0.00012788240683547975
six_quarter,dynamic_train8_b06_prbs:lead76-100,ar,frontCl,25,0.002355047534958068,0.006994516370973258,0.00463946883601519
six_quarter,dynamic_train8_b06_prbs:lead76-100,ar,rearCd,25,0.019879894885046302,0.01602308036857062,-0.0038568145164756817
six_quarter,dynamic_train8_b06_prbs:lead76-100,ar,rearCl,25,0.052791258827561124,0.0803564914449263,0.027565232617365182
six_quarter,dynamic_train8_b06_prbs:lead76-100,ar,totalCd,25,0.020390424742661492,0.01647948364837172,-0.0039109410942897715
six_overlap,dynamic_train8_b06_prbs:selected_overlap,ar,frontCd,2,8.449496105955578e-05,0.00026604645524158643,0.00018155149418203065
six_overlap,dynamic_train8_b06_prbs:selected_overlap,ar,frontCl,2,0.0026695168557573368,0.009808462554099506,0.0071389456983421695
six_overlap,dynamic_train8_b06_prbs:selected_overlap,ar,rearCd,2,0.018496383417379997,0.021184307527468416,0.002687924110088419
six_overlap,dynamic_train8_b06_prbs:selected_overlap,ar,rearCl,2,0.035194454504491546,0.04120698644595677,0.006012531941465227
six_overlap,dynamic_train8_b06_prbs:selected_overlap,ar,totalCd,2,0.018580878378439553,0.02133715466632191,0.002756276287882359
six_overlap,dynamic_train8_b06_prbs:not_selected,ar,frontCd,98,0.0007571760634956945,0.0008939367043860631,0.00013676064089036854
six_overlap,dynamic_train8_b06_prbs:not_selected,ar,frontCl,98,0.005093967905066532,0.012222699338520309,0.007128731433453777
six_overlap,dynamic_train8_b06_prbs:not_selected,ar,rearCd,98,0.025415681240874993,0.023658130981288168,-0.0017575502595868243
six_overlap,dynamic_train8_b06_prbs:not_selected,ar,rearCl,98,0.06949104974534993,0.07195154138881314,0.0024604916434632085
six_overlap,dynamic_train8_b06_prbs:not_selected,ar,totalCd,98,0.02512991567138648,0.023214273090805412,-0.001915642580581068
six,direct_cfd_directppo2048_v1_env0_ep0009_b00,h1,frontCd,100,0.00031562504279081455,0.00044882583352152337,0.00013320079073070881
six,direct_cfd_directppo2048_v1_env0_ep0009_b00,h1,frontCl,100,0.002165321447058326,0.007775761600489623,0.005610440153431297
six,direct_cfd_directppo2048_v1_env0_ep0009_b00,h1,rearCd,100,0.014857855145282267,0.016883151730846323,0.0020252965855640567
six,direct_cfd_directppo2048_v1_env0_ep0009_b00,h1,rearCl,100,0.04323816469170936,0.04580704002796531,0.002568875336255952
six,direct_cfd_directppo2048_v1_env0_ep0009_b00,h1,totalCd,100,0.014682094880951752,0.016739028287986922,0.00205693340703517
six_quarter,direct_cfd_directppo2048_v1_env0_ep0009_b00:lead1-25,h1,frontCd,25,0.0002807497310012709,0.0005415532104361522,0.00026080347943488127
six_quarter,direct_cfd_directppo2048_v1_env0_ep0009_b00:lead1-25,h1,frontCl,25,0.0017485485093541087,0.008026119385897168,0.00627757087654306
six_quarter,direct_cfd_directppo2048_v1_env0_ep0009_b00:lead1-25,h1,rearCd,25,0.01294962174764112,0.016252639417205072,0.0033030176695639513
six_quarter,direct_cfd_directppo2048_v1_env0_ep0009_b00:lead1-25,h1,rearCl,25,0.03302403838822357,0.03522229426064683,0.0021982558724232618
six_quarter,direct_cfd_directppo2048_v1_env0_ep0009_b00:lead1-25,h1,totalCd,25,0.013020155137253043,0.01649337854285066,0.0034732234055976172
six_quarter,direct_cfd_directppo2048_v1_env0_ep0009_b00:lead26-50,h1,frontCd,25,0.00034174129169337736,0.00043389758097366114,9.215628928028379e-05
six_quarter,direct_cfd_directppo2048_v1_env0_ep0009_b00:lead26-50,h1,frontCl,25,0.003320476384256832,0.008798821604887515,0.005478345220630683
six_quarter,direct_cfd_directppo2048_v1_env0_ep0009_b00:lead26-50,h1,rearCd,25,0.014654770452119548,0.019374248655356547,0.004719478203236999
six_quarter,direct_cfd_directppo2048_v1_env0_ep0009_b00:lead26-50,h1,rearCl,25,0.025297302998877783,0.03688386382471487,0.011586560825837085
six_quarter,direct_cfd_directppo2048_v1_env0_ep0009_b00:lead26-50,h1,totalCd,25,0.014363015538296362,0.019039608885434024,0.004676593347137662
six_quarter,direct_cfd_directppo2048_v1_env0_ep0009_b00:lead51-75,h1,frontCd,25,0.00034287421115212184,0.0002840440512591142,-5.883015989300764e-05
six_quarter,direct_cfd_directppo2048_v1_env0_ep0009_b00:lead51-75,h1,frontCl,25,0.0018885474369457712,0.007110855546985988,0.005222308110040217
six_quarter,direct_cfd_directppo2048_v1_env0_ep0009_b00:lead51-75,h1,rearCd,25,0.011296959303504113,0.008944746108663425,-0.0023522131948406876
six_quarter,direct_cfd_directppo2048_v1_env0_ep0009_b00:lead51-75,h1,rearCl,25,0.059220639218571805,0.0638129382969316,0.004592299078359799
six_quarter,direct_cfd_directppo2048_v1_env0_ep0009_b00:lead51-75,h1,totalCd,25,0.011066082428286373,0.008851320313114908,-0.0022147621151714647
six_quarter,direct_cfd_directppo2048_v1_env0_ep0009_b00:lead76-100,h1,frontCd,25,0.000297134937316488,0.0005358084914171661,0.0002386735541006781
six_quarter,direct_cfd_directppo2048_v1_env0_ep0009_b00:lead76-100,h1,frontCl,25,0.0017037134576765923,0.007167249864187823,0.005463536406511231
six_quarter,direct_cfd_directppo2048_v1_env0_ep0009_b00:lead76-100,h1,rearCd,25,0.020530069077864282,0.022960972742160243,0.00243090366429596
six_quarter,direct_cfd_directppo2048_v1_env0_ep0009_b00:lead76-100,h1,rearCl,25,0.05541067816116426,0.04730906372956793,-0.008101614431596328
six_quarter,direct_cfd_directppo2048_v1_env0_ep0009_b00:lead76-100,h1,totalCd,25,0.020279126419971236,0.022571805410548106,0.00229267899057687
six_overlap,direct_cfd_directppo2048_v1_env0_ep0009_b00:selected_overlap,h1,frontCd,1,1.4978403707344157e-06,9.938438114390213e-05,9.788654077316772e-05
six_overlap,direct_cfd_directppo2048_v1_env0_ep0009_b00:selected_overlap,h1,frontCl,1,0.00556771250379029,0.007095686005072821,0.0015279735012825313
six_overlap,direct_cfd_directppo2048_v1_env0_ep0009_b00:selected_overlap,h1,rearCd,1,0.0006344188951537544,0.0017078578169341108,0.0010734389217803564
six_overlap,direct_cfd_directppo2048_v1_env0_ep0009_b00:selected_overlap,h1,rearCl,1,0.010460969249521668,0.030763094462855634,0.020302125213333966
six_overlap,direct_cfd_directppo2048_v1_env0_ep0009_b00:selected_overlap,h1,totalCd,1,0.00063292105478302,0.001807242198078013,0.001174321143294993
six_overlap,direct_cfd_directppo2048_v1_env0_ep0009_b00:not_selected,h1,frontCd,99,0.00031879804483546186,0.00045235554516170136,0.0001335575003262395
six_overlap,direct_cfd_directppo2048_v1_env0_ep0009_b00:not_selected,h1,frontCl,99,0.00213095386062669,0.007782631050948379,0.00565167719032169
six_overlap,direct_cfd_directppo2048_v1_env0_ep0009_b00:not_selected,h1,rearCd,99,0.015001526218515885,0.017036437527956548,0.0020349113094406627
six_overlap,direct_cfd_directppo2048_v1_env0_ep0009_b00:not_selected,h1,rearCl,99,0.04356924747395368,0.04595899907407753,0.002389751600123849
six_overlap,direct_cfd_directppo2048_v1_env0_ep0009_b00:not_selected,h1,totalCd,99,0.01482400572768073,0.016889854410107215,0.0020658486824264854
six,direct_cfd_directppo2048_v1_env0_ep0009_b00,ar,frontCd,100,0.0007685655102837646,0.0007777594804309212,9.193970147156625e-06
six,direct_cfd_directppo2048_v1_env0_ep0009_b00,ar,frontCl,100,0.006754140786287603,0.005979665928190441,-0.0007744748580971626
six,direct_cfd_directppo2048_v1_env0_ep0009_b00,ar,rearCd,100,0.01517134203344074,0.018814046249567253,0.0036427042161265126
six,direct_cfd_directppo2048_v1_env0_ep0009_b00,ar,rearCl,100,0.046638464826301115,0.053041357740984445,0.006402892914683329
six,direct_cfd_directppo2048_v1_env0_ep0009_b00,ar,totalCd,100,0.015381040367481556,0.018909034576751253,0.0035279942092696966
six_quarter,direct_cfd_directppo2048_v1_env0_ep0009_b00:lead1-25,ar,frontCd,25,0.0007094186164453016,0.0009176065351491376,0.00020818791870383607
six_quarter,direct_cfd_directppo2048_v1_env0_ep0009_b00:lead1-25,ar,frontCl,25,0.0027026694242863413,0.00936652389831071,0.006663854474024369
six_quarter,direct_cfd_directppo2048_v1_env0_ep0009_b00:lead1-25,ar,rearCd,25,0.007097861681464213,0.01011575152517183,0.003017889843707618
six_quarter,direct_cfd_directppo2048_v1_env0_ep0009_b00:lead1-25,ar,rearCl,25,0.03235453635625419,0.03225445595125023,-0.00010008040500395637
six_quarter,direct_cfd_directppo2048_v1_env0_ep0009_b00:lead1-25,ar,totalCd,25,0.007209830010831119,0.010306364833635945,0.0030965348228048258
six_quarter,direct_cfd_directppo2048_v1_env0_ep0009_b00:lead26-50,ar,frontCd,25,0.0007666531959464372,0.0007966512243411578,2.999802839472065e-05
six_quarter,direct_cfd_directppo2048_v1_env0_ep0009_b00:lead26-50,ar,frontCl,25,0.006579246524306366,0.006871728368686903,0.00029248184438053666
six_quarter,direct_cfd_directppo2048_v1_env0_ep0009_b00:lead26-50,ar,rearCd,25,0.019854092952299045,0.025618829219852278,0.0057647362675532325
six_quarter,direct_cfd_directppo2048_v1_env0_ep0009_b00:lead26-50,ar,rearCl,25,0.04599965241461819,0.03578531153151559,-0.0102143408831026
six_quarter,direct_cfd_directppo2048_v1_env0_ep0009_b00:lead26-50,ar,totalCd,25,0.020212659280308798,0.025904706564176285,0.005692047283867487
six_quarter,direct_cfd_directppo2048_v1_env0_ep0009_b00:lead51-75,ar,frontCd,25,0.0008147060359931027,0.000660494773643575,-0.00015421126234952775
six_quarter,direct_cfd_directppo2048_v1_env0_ep0009_b00:lead51-75,ar,frontCl,25,0.007401452741495121,0.002123560833225895,-0.005277891908269225
six_quarter,direct_cfd_directppo2048_v1_env0_ep0009_b00:lead51-75,ar,rearCd,25,0.011371156056002772,0.009814254734276084,-0.0015569013217266881
six_quarter,direct_cfd_directppo2048_v1_env0_ep0009_b00:lead51-75,ar,rearCl,25,0.057280449907422655,0.05572271017084006,-0.001557739736582596
six_quarter,direct_cfd_directppo2048_v1_env0_ep0009_b00:lead51-75,ar,totalCd,25,0.011843600209090215,0.009944042312368277,-0.0018995578967219377
six_quarter,direct_cfd_directppo2048_v1_env0_ep0009_b00:lead76-100,ar,frontCd,25,0.0007834841927502169,0.0007362853885898143,-4.719880416040258e-05
six_quarter,direct_cfd_directppo2048_v1_env0_ep0009_b00:lead76-100,ar,frontCl,25,0.010333194455062589,0.005556850612538256,-0.004776343842524333
six_quarter,direct_cfd_directppo2048_v1_env0_ep0009_b00:lead76-100,ar,rearCd,25,0.022362257443996936,0.029707349518968824,0.007345092074971887
six_quarter,direct_cfd_directppo2048_v1_env0_ep0009_b00:lead76-100,ar,rearCl,25,0.05091922062690943,0.08840295331033188,0.03748373268342245
six_quarter,direct_cfd_directppo2048_v1_env0_ep0009_b00:lead76-100,ar,totalCd,25,0.02225807196969609,0.02948102459682451,0.00722295262712842
six_overlap,direct_cfd_directppo2048_v1_env0_ep0009_b00:selected_overlap,ar,frontCd,1,0.0012359550387368717,0.0010532944381002746,-0.00018266060063659717
six_overlap,direct_cfd_directppo2048_v1_env0_ep0009_b00:selected_overlap,ar,frontCl,1,0.00933388027010551,0.0024553571287810882,-0.006878523141324422
six_overlap,direct_cfd_directppo2048_v1_env0_ep0009_b00:selected_overlap,ar,rearCd,1,0.0017634087154819178,0.005113154114537721,0.0033497453990558035
six_overlap,direct_cfd_directppo2048_v1_env0_ep0009_b00:selected_overlap,ar,rearCl,1,0.06883792727657578,0.0631334341519505,-0.005704493124625287
six_overlap,direct_cfd_directppo2048_v1_env0_ep0009_b00:selected_overlap,ar,totalCd,1,0.0005274536767450461,0.004059859676437447,0.0035324059996924007
six_overlap,direct_cfd_directppo2048_v1_env0_ep0009_b00:not_selected,ar,frontCd,99,0.0007638444039357534,0.0007749762990403216,1.113189510456821e-05
six_overlap,direct_cfd_directppo2048_v1_env0_ep0009_b00:not_selected,ar,frontCl,99,0.006728082811703584,0.006015265006972354,-0.0007128178047312306
six_overlap,direct_cfd_directppo2048_v1_env0_ep0009_b00:not_selected,ar,rearCd,99,0.015306775703319113,0.018952439099416036,0.003645663396096923
six_overlap,direct_cfd_directppo2048_v1_env0_ep0009_b00:not_selected,ar,rearCl,99,0.046414227831853894,0.05293941757521711,0.006525189743363219
six_overlap,direct_cfd_directppo2048_v1_env0_ep0009_b00:not_selected,ar,totalCd,99,0.015531076596680914,0.01905902624241099,0.003527949645730076
six_ar_minus_h1,dynamic_train8_b04_prbs,mae_gap_not_error_of_difference,frontCd,100,0.00021874667820570516,9.212182691770902e-05,-0.00012662485128799614
six_ar_minus_h1,dynamic_train8_b04_prbs,mae_gap_not_error_of_difference,frontCl,100,0.0006328125006313814,-5.666751011775689e-05,-0.0006894800107491383
six_ar_minus_h1,dynamic_train8_b04_prbs,mae_gap_not_error_of_difference,rearCd,100,0.003049713054551876,0.0004894861393945349,-0.002560226915157341
six_ar_minus_h1,dynamic_train8_b04_prbs,mae_gap_not_error_of_difference,rearCl,100,0.025818711190271543,0.0221212969095965,-0.003697414280675042
six_ar_minus_h1,dynamic_train8_b04_prbs,mae_gap_not_error_of_difference,totalCd,100,0.00312612339401442,0.00026009945601375775,-0.002866023938000662
six_ar_minus_h1,dynamic_train8_b06_prbs,mae_gap_not_error_of_difference,frontCd,100,0.0003475612628981882,0.00034292030903865115,-4.6409538595370745e-06
six_ar_minus_h1,dynamic_train8_b06_prbs,mae_gap_not_error_of_difference,frontCl,100,0.0013007831825922445,0.0008654858396204192,-0.0004352973429718253
six_ar_minus_h1,dynamic_train8_b06_prbs,mae_gap_not_error_of_difference,rearCd,100,0.005553019523630819,0.002222954086578924,-0.003330065437051895
six_ar_minus_h1,dynamic_train8_b06_prbs,mae_gap_not_error_of_difference,rearCl,100,0.013493742506496577,0.030143332709131845,0.01664959020263527
six_ar_minus_h1,dynamic_train8_b06_prbs,mae_gap_not_error_of_difference,totalCd,100,0.005563448335851071,0.0018042054369254608,-0.0037592428989256105
six_ar_minus_h1,dynamic_train8_b00_prbs,mae_gap_not_error_of_difference,frontCd,100,0.001107632180430209,0.001085329474069147,-2.2302706361062175e-05
six_ar_minus_h1,dynamic_train8_b00_prbs,mae_gap_not_error_of_difference,frontCl,100,0.01288056222763875,0.014938145949736591,0.0020575837220978416
six_ar_minus_h1,dynamic_train8_b00_prbs,mae_gap_not_error_of_difference,rearCd,100,-0.0004402839016810177,-0.0016637117852832256,-0.001223427883602208
six_ar_minus_h1,dynamic_train8_b00_prbs,mae_gap_not_error_of_difference,rearCl,100,0.06039041324246925,0.07450646229651314,0.014116049054043893
six_ar_minus_h1,dynamic_train8_b00_prbs,mae_gap_not_error_of_difference,totalCd,100,0.00038067209191844364,-0.0012481121438760456,-0.0016287842357944893
six_ar_minus_h1,dynamic_train8_b02_prbs,mae_gap_not_error_of_difference,frontCd,100,0.0015436126377769209,0.0008364318876115584,-0.0007071807501653625
six_ar_minus_h1,dynamic_train8_b02_prbs,mae_gap_not_error_of_difference,frontCl,100,0.027218978188308585,0.01919796388785927,-0.008021014300449315
six_ar_minus_h1,dynamic_train8_b02_prbs,mae_gap_not_error_of_difference,rearCd,100,0.0012762931717122603,0.0010878934816924979,-0.00018839969001976237
six_ar_minus_h1,dynamic_train8_b02_prbs,mae_gap_not_error_of_difference,rearCl,100,0.05377437880596843,0.0997502620579879,0.04597588325201947
six_ar_minus_h1,dynamic_train8_b02_prbs,mae_gap_not_error_of_difference,totalCd,100,0.0021494365698633,0.0023627825144099147,0.00021334594454661474
six_ar_minus_h1,direct_cfd_directppo2048_v1_env0_ep0009_b00,mae_gap_not_error_of_difference,frontCd,100,0.00045294046749295004,0.00032893364690939785,-0.0001240068205835522
six_ar_minus_h1,direct_cfd_directppo2048_v1_env0_ep0009_b00,mae_gap_not_error_of_difference,frontCl,100,0.0045888193392292775,-0.0017960956722991826,-0.00638491501152846
six_ar_minus_h1,direct_cfd_directppo2048_v1_env0_ep0009_b00,mae_gap_not_error_of_difference,rearCd,100,0.0003134868881584738,0.0019308945187209298,0.001617407630562456
six_ar_minus_h1,direct_cfd_directppo2048_v1_env0_ep0009_b00,mae_gap_not_error_of_difference,rearCl,100,0.0034003001345917563,0.007234317713019134,0.0038340175784273775
six_ar_minus_h1,direct_cfd_directppo2048_v1_env0_ep0009_b00,mae_gap_not_error_of_difference,totalCd,100,0.0006989454865298037,0.0021700062887643305,0.0014710608022345268
six_ar_minus_h1,matched_start_acquisition_train_b00_zero,mae_gap_not_error_of_difference,frontCd,100,3.869538830661209e-05,1.0498852720253193e-06,-3.764550303458677e-05
six_ar_minus_h1,matched_start_acquisition_train_b00_zero,mae_gap_not_error_of_difference,frontCl,100,0.0006222299104693184,-0.0019130738988189684,-0.0025353038092882866
six_ar_minus_h1,matched_start_acquisition_train_b00_zero,mae_gap_not_error_of_difference,rearCd,100,0.0012599284819309361,0.0019105604931570989,0.0006506320112261627
six_ar_minus_h1,matched_start_acquisition_train_b00_zero,mae_gap_not_error_of_difference,rearCl,100,-0.0022523620837908917,0.011241144249328615,0.013493506333119507
six_ar_minus_h1,matched_start_acquisition_train_b00_zero,mae_gap_not_error_of_difference,totalCd,100,0.0012017963755625622,0.0016873385998851598,0.00048554222432259765
